lemma,pos,level,source
a,determiner,A1,cefr_j
a.m./A.M./am/AM,adverb,A1,cefr_j
according to,preposition,B1,cefr_j
acknowledgment/acknowledgement,noun,B1,cefr_j
acquisition,noun,B2,cefr_j
addict,noun,B2,cefr_j
additionally,adverb,B2,cefr_j
addressee,noun,B1,cefr_j
adequately,adverb,B2,cefr_j
adjust,verb,A2,cefr_j
administrative,adjective,B2,cefr_j
admiringly,adverb,B2,cefr_j
admittedly,adverb,B2,cefr_j
adopted,adjective,B2,cefr_j
adoption,noun,B2,cefr_j
adorable,adjective,B1,cefr_j
adverbial,adjective,B1,cefr_j
adverse,adjective,B2,cefr_j
adversely,adverb,B2,cefr_j
adversity,noun,B2,cefr_j
adviser/advisor,noun,B1,cefr_j
aerobics,noun,B1,cefr_j
affordable,adjective,B2,cefr_j
afterward,adverb,B1,cefr_j
ageless,adjective,B2,cefr_j
ago,adverb,A1,cefr_j
agonize/agonise,verb,B2,cefr_j
agriculture,noun,B1,cefr_j
air conditioning,noun,B1,cefr_j
air force,noun,B1,cefr_j
aircrew,noun,B2,cefr_j
airline,noun,B1,cefr_j
airplane/aeroplane,noun,A1,cefr_j
airport,noun,A1,cefr_j
aisle,noun,A2,cefr_j
alarm clock,noun,A2,cefr_j
album,noun,A1,cefr_j
alcohol,noun,B1,cefr_j
alcoholic,adjective,B1,cefr_j
alcoholic,noun,B2,cefr_j
alcoholism,noun,B2,cefr_j
all right,adjective,A1,cefr_j
all right,adverb,A1,cefr_j
allegation,noun,B2,cefr_j
allergic,adjective,B1,cefr_j
alternatively,adverb,B2,cefr_j
aluminum/aluminium,noun,B2,cefr_j
am,be-verb,A1,cefr_j
amazed,adjective,B1,cefr_j
ambiguity,noun,B2,cefr_j
amplifier,noun,B2,cefr_j
amused,adjective,A2,cefr_j
amusing,adjective,B1,cefr_j
an,determiner,A1,cefr_j
analyze/analyse,verb,B1,cefr_j
ancestor,noun,A2,cefr_j
anchorage,noun,B2,cefr_j
anchorman,noun,B2,cefr_j
anchorperson,noun,B2,cefr_j
anger,noun,B1,cefr_j
angrily,adverb,A2,cefr_j
anguish,noun,B2,cefr_j
animate,verb,B2,cefr_j
animated,adjective,B1,cefr_j
animation,noun,B1,cefr_j
ankle,noun,A2,cefr_j
anniversary,noun,A2,cefr_j
announce,verb,B1,cefr_j
announcement,noun,B1,cefr_j
annoyance,noun,B1,cefr_j
annoyed,adjective,B1,cefr_j
annoying,adjective,A2,cefr_j
another,determiner,A1,cefr_j
another,pronoun,A2,cefr_j
anti,adjective,B1,cefr_j
antiaircraft,adjective,B2,cefr_j
antibacterial,adjective,B2,cefr_j
anticancer,noun,B2,cefr_j
anticipate,verb,B2,cefr_j
anticipation,noun,B2,cefr_j
antipollution,noun,B2,cefr_j
antique,adjective,B2,cefr_j
antique,noun,B1,cefr_j
antistatic,adjective,B2,cefr_j
antivirus,noun,B2,cefr_j
anxiety,noun,B1,cefr_j
anxious,adjective,A2,cefr_j
anxiously,adverb,B1,cefr_j
anybody,pronoun,A1,cefr_j
anyhow,adverb,B1,cefr_j
anymore,adverb,A2,cefr_j
anyone,pronoun,A1,cefr_j
anything,pronoun,A1,cefr_j
anyway,adverb,A2,cefr_j
anywhere,adverb,A2,cefr_j
apart,adverb,A2,cefr_j
apartment,noun,A2,cefr_j
apologize/apologise,verb,A2,cefr_j
apparent,adjective,B1,cefr_j
apparently,adverb,A2,cefr_j
appeal,noun,B1,cefr_j
appeal,verb,B2,cefr_j
appear,verb,A2,cefr_j
appearance,noun,A2,cefr_j
appetite,noun,B1,cefr_j
applause,noun,B1,cefr_j
applicant,noun,B2,cefr_j
application,noun,B1,cefr_j
apply,verb,A2,cefr_j
appoint,verb,B1,cefr_j
appointment,noun,A2,cefr_j
appreciate,verb,A2,cefr_j
appreciation,noun,B1,cefr_j
appreciative,adjective,B2,cefr_j
approach,noun,B1,cefr_j
approach,verb,B2,cefr_j
appropriate,adjective,A2,cefr_j
appropriately,adverb,B2,cefr_j
approve,verb,B1,cefr_j
approximate,adjective,B2,cefr_j
approximately,adverb,B1,cefr_j
archaeologist/archeologist,noun,B2,cefr_j
architect,noun,B1,cefr_j
architecture,noun,A2,cefr_j
arctic,adjective,B2,cefr_j
are,be-verb,A1,cefr_j
arena,noun,B2,cefr_j
aristocracy,noun,B2,cefr_j
arithmetic,noun,B1,cefr_j
armchair,noun,A2,cefr_j
armed,adjective,A2,cefr_j
armful,noun,B2,cefr_j
around,adverb,A2,cefr_j
around,preposition,A1,cefr_j
arouse,verb,B2,cefr_j
arrange,verb,B1,cefr_j
arrangement,noun,B1,cefr_j
arrest,noun,B1,cefr_j
arrest,verb,B1,cefr_j
arrival,noun,B1,cefr_j
arrive,verb,A1,cefr_j
articulate,verb,B2,cefr_j
artificially,adverb,B2,cefr_j
artist,noun,B1,cefr_j
artistic,adjective,B1,cefr_j
artistry,noun,B2,cefr_j
ashamed,adjective,B1,cefr_j
aside,adverb,B1,cefr_j
aspect,noun,B1,cefr_j
aspiration,noun,B2,cefr_j
aspire,verb,B2,cefr_j
assault,noun,B2,cefr_j
assemble,verb,B2,cefr_j
assembly,noun,B2,cefr_j
assert,verb,B2,cefr_j
assess,verb,B2,cefr_j
assessment,noun,B2,cefr_j
assign,verb,B1,cefr_j
assignment,noun,B1,cefr_j
assist,verb,B1,cefr_j
assistance,noun,B1,cefr_j
assistant,adjective,A2,cefr_j
assistant,noun,B1,cefr_j
associate,verb,B1,cefr_j
association,noun,A2,cefr_j
assumption,noun,B2,cefr_j
assurance,noun,B2,cefr_j
assure,verb,B2,cefr_j
astonish,verb,B2,cefr_j
astonished,adjective,B2,cefr_j
astonishing,adjective,B2,cefr_j
astonishment,noun,B2,cefr_j
astronomer,noun,B1,cefr_j
athlete,noun,A2,cefr_j
athletic,adjective,B1,cefr_j
athletics,noun,B2,cefr_j
Atlantic,adjective,B1,cefr_j
atomic,adjective,B1,cefr_j
attach,verb,B1,cefr_j
attached,adjective,B2,cefr_j
attain,verb,B1,cefr_j
attainable,adjective,B2,cefr_j
attainment,noun,B2,cefr_j
attendance,noun,B2,cefr_j
attentive,adjective,B2,cefr_j
attentively,adverb,B2,cefr_j
attitude,noun,A2,cefr_j
attractiveness,noun,B2,cefr_j
atypical,adjective,B2,cefr_j
aubergine,noun,B2,cefr_j
audience,noun,A2,cefr_j
audio,adjective,A2,cefr_j
audit,noun,B2,cefr_j
audition,noun,B2,cefr_j
author,noun,A2,cefr_j
authoritative,adjective,B2,cefr_j
authorize/authorise,verb,B2,cefr_j
automatically,adverb,A2,cefr_j
auxiliary,adjective,B1,cefr_j
availability,noun,B2,cefr_j
average,adjective,A2,cefr_j
average,noun,A2,cefr_j
avoid,verb,A2,cefr_j
await,verb,B2,cefr_j
award,noun,A2,cefr_j
award,verb,B1,cefr_j
aware,adjective,B1,cefr_j
awesome,adjective,B1,cefr_j
awful,adjective,A2,cefr_j
awkward,adjective,B1,cefr_j
ax/axe,noun,B2,cefr_j
babysit,verb,B1,cefr_j
babysitter,noun,B1,cefr_j
backache,noun,B1,cefr_j
background,noun,A2,cefr_j
backpack,noun,B1,cefr_j
backpacker,noun,B1,cefr_j
backpacking,noun,B1,cefr_j
backup,noun,B2,cefr_j
backward/backwards,adverb,B2,cefr_j
backyard,noun,B2,cefr_j
bacon,noun,B1,cefr_j
badge,noun,B2,cefr_j
badly,adverb,A2,cefr_j
badminton,noun,A2,cefr_j
bad-tempered,adjective,B2,cefr_j
bake,verb,A2,cefr_j
baker,noun,B1,cefr_j
bakery,noun,B1,cefr_j
balanced,adjective,B2,cefr_j
balcony,noun,A2,cefr_j
balky,adjective,B2,cefr_j
ballad,noun,B2,cefr_j
ballet,noun,B2,cefr_j
balloon,noun,A2,cefr_j
ballot,noun,B2,cefr_j
bandage,noun,B1,cefr_j
bank account,noun,B1,cefr_j
banker,noun,B2,cefr_j
banking,noun,A2,cefr_j
barbecue,noun,A2,cefr_j
barbecue,verb,B1,cefr_j
barbershop,noun,B2,cefr_j
barely,adverb,B1,cefr_j
bargain,noun,A2,cefr_j
bargain,verb,B2,cefr_j
barley,noun,B2,cefr_j
barman,noun,B1,cefr_j
barometer,noun,B2,cefr_j
barrel,noun,B1,cefr_j
barren,adjective,B2,cefr_j
barrier,noun,B2,cefr_j
bartender,noun,B2,cefr_j
baseball,noun,A1,cefr_j
basement,noun,B1,cefr_j
basic,adjective,A2,cefr_j
basically,adverb,A2,cefr_j
bathe,verb,B1,cefr_j
bathhouse,noun,B2,cefr_j
battle,noun,B1,cefr_j
battlefield,noun,B2,cefr_j
bay,noun,A2,cefr_j
be,be-verb,A1,cefr_j
beagle,noun,B2,cefr_j
beak,noun,B2,cefr_j
beam,noun,B2,cefr_j
bean,noun,A1,cefr_j
bearing,noun,B2,cefr_j
beautifully,adverb,B1,cefr_j
beautify,verb,B2,cefr_j
because of,preposition,B1,cefr_j
bedroom,noun,A1,cefr_j
bedside,noun,B1,cefr_j
beef,noun,A1,cefr_j
been,be-verb,A2,cefr_j
beginning,noun,A2,cefr_j
behalf,noun,B1,cefr_j
behave,verb,B1,cefr_j
behavior/behaviour,noun,A2,cefr_j
behind,adverb,A1,cefr_j
behind,preposition,A1,cefr_j
being,noun,A2,cefr_j
bellow,verb,B2,cefr_j
belong,verb,A2,cefr_j
belongings,noun,B2,cefr_j
beloved,adjective,B1,cefr_j
below,adverb,A1,cefr_j
below,preposition,A1,cefr_j
beneath,preposition,B1,cefr_j
beneficial,adjective,B2,cefr_j
benevolence,noun,B2,cefr_j
benevolent,adjective,B2,cefr_j
beside,preposition,A1,cefr_j
besides,adverb,A2,cefr_j
besides,preposition,B1,cefr_j
bestseller,noun,B2,cefr_j
betray,verb,B2,cefr_j
bewilderment,noun,B2,cefr_j
beyond,preposition,A2,cefr_j
bidding,noun,B2,cefr_j
bikini,noun,B2,cefr_j
bilingual,adjective,B1,cefr_j
billion,noun,B2,cefr_j
bin,noun,B1,cefr_j
biochemistry,noun,B1,cefr_j
biography,noun,B1,cefr_j
biological,adjective,B2,cefr_j
biotechnology,noun,B2,cefr_j
birdcage,noun,B2,cefr_j
birthplace,noun,B2,cefr_j
biscuit,noun,A1,cefr_j
bitterly,adverb,B2,cefr_j
bizarre,adjective,B2,cefr_j
blank,adjective,A1,cefr_j
blast,noun,B2,cefr_j
blast,verb,B2,cefr_j
blaze,noun,B2,cefr_j
blaze,verb,B2,cefr_j
blend,noun,B2,cefr_j
blend,verb,B1,cefr_j
blind,adjective,B1,cefr_j
blindly,adverb,B2,cefr_j
blindness,noun,B2,cefr_j
blink,verb,B2,cefr_j
block,noun,A1,cefr_j
block,verb,B1,cefr_j
blogger,noun,B1,cefr_j
bloodstream,noun,B2,cefr_j
bloody,adjective,B2,cefr_j
bloody,adverb,B2,cefr_j
bloom,noun,A2,cefr_j
blossom,noun,B2,cefr_j
blur,verb,B2,cefr_j
blurt,noun,B2,cefr_j
blush,noun,B1,cefr_j
blush,verb,B2,cefr_j
board game,noun,A2,cefr_j
boast,verb,B1,cefr_j
boil,verb,A2,cefr_j
boiled,adjective,A2,cefr_j
boldly,adverb,B1,cefr_j
bomber,noun,B2,cefr_j
bombing,noun,B2,cefr_j
bond,noun,B1,cefr_j
bonus,noun,A2,cefr_j
bony,adjective,B2,cefr_j
bookcase,noun,A2,cefr_j
booking,noun,B1,cefr_j
bookish,adjective,B2,cefr_j
booklet,noun,B2,cefr_j
bookmark,noun,B2,cefr_j
bookmark,verb,B2,cefr_j
bookshelf,noun,A2,cefr_j
bookshop,noun,A2,cefr_j
bookstore,noun,A1,cefr_j
boost,noun,B2,cefr_j
boost,verb,B2,cefr_j
booth,noun,B2,cefr_j
border,noun,B1,cefr_j
bored,adjective,A2,cefr_j
boredom,noun,B1,cefr_j
boring,adjective,A1,cefr_j
bossy,adjective,B2,cefr_j
botany,noun,B2,cefr_j
both,adverb,A1,cefr_j
bothered,adjective,B2,cefr_j
bothersome,adjective,B2,cefr_j
bottom,noun,A1,cefr_j
bounce,noun,B2,cefr_j
bounce,verb,B1,cefr_j
bourbon,noun,B2,cefr_j
bowl,noun,A1,cefr_j
bowl,verb,B1,cefr_j
boxer,noun,B2,cefr_j
boxing,noun,B1,cefr_j
bracelet,noun,B1,cefr_j
brag,noun,B2,cefr_j
brainstorm,noun,A2,cefr_j
brainstorming,noun,B1,cefr_j
brand,noun,A2,cefr_j
brand-new,adjective,B1,cefr_j
brave,adjective,A2,cefr_j
bravely,adverb,B1,cefr_j
bravery,noun,B2,cefr_j
breakable,adjective,B2,cefr_j
breakdown,noun,B2,cefr_j
breakthrough,noun,B1,cefr_j
breakup,noun,B2,cefr_j
breathless,adjective,B1,cefr_j
breathtaking,adjective,B2,cefr_j
breeding,noun,B1,cefr_j
breezy,adjective,B2,cefr_j
brewery,noun,B2,cefr_j
briefly,adverb,B1,cefr_j
brightly,adverb,B1,cefr_j
brilliant,adjective,A2,cefr_j
brilliantly,adverb,B2,cefr_j
broadband,noun,B2,cefr_j
broadcaster,noun,B2,cefr_j
broaden,verb,B2,cefr_j
broadly,adverb,B2,cefr_j
broccoli,noun,B1,cefr_j
brotherhood,noun,B1,cefr_j
browser,noun,B2,cefr_j
bruise,noun,B2,cefr_j
bud,noun,B2,cefr_j
buddy,noun,B1,cefr_j
budget,adjective,B2,cefr_j
budget,noun,A2,cefr_j
bulimia,noun,B2,cefr_j
bulletin,noun,B1,cefr_j
bully,verb,B2,cefr_j
bum,noun,B2,cefr_j
bump,verb,B1,cefr_j
bumper,noun,B2,cefr_j
bun,noun,B2,cefr_j
bunch,noun,B1,cefr_j
burdensome,adjective,B2,cefr_j
bureaucracy,noun,B2,cefr_j
burger,noun,A1,cefr_j
burial,noun,B2,cefr_j
burning,adjective,B1,cefr_j
bus station,noun,A2,cefr_j
bus stop,noun,A2,cefr_j
bush,noun,A2,cefr_j
bustle,verb,B2,cefr_j
bustling,adjective,B2,cefr_j
butcher,noun,B1,cefr_j
butcher,verb,B2,cefr_j
buzz,noun,B2,cefr_j
buzz,verb,B2,cefr_j
bye,noun,A1,cefr_j
cab,noun,A2,cefr_j
cabbage,noun,B1,cefr_j
cabin,noun,B1,cefr_j
cabinet,noun,B2,cefr_j
cafe/café,noun,A1,cefr_j
cage,noun,B1,cefr_j
calculate,verb,B1,cefr_j
calculation,noun,B1,cefr_j
caller,noun,B1,cefr_j
calm,adjective,B1,cefr_j
calmly,adverb,B2,cefr_j
calmness,noun,B1,cefr_j
camp,noun,A1,cefr_j
camp,verb,A2,cefr_j
camping,noun,A2,cefr_j
campsite,noun,B1,cefr_j
campus,noun,A2,cefr_j
can,modal auxiliary,A1,cefr_j
cancel,verb,B1,cefr_j
candy,noun,A1,cefr_j
canned,adjective,B1,cefr_j
cannonball,noun,B2,cefr_j
canteen,noun,B1,cefr_j
cap,noun,A1,cefr_j
capability,noun,B2,cefr_j
capable,adjective,B1,cefr_j
capacity,noun,B1,cefr_j
capital letter,noun,A2,cefr_j
capsule,noun,B1,cefr_j
captain,noun,A2,cefr_j
caption,noun,B2,cefr_j
captive,noun,B2,cefr_j
car park,noun,A2,cefr_j
caravan,noun,B2,cefr_j
carbon dioxide,noun,B2,cefr_j
carbon footprint,noun,B2,cefr_j
cardboard,noun,B2,cefr_j
cardigan,noun,B2,cefr_j
career,noun,B1,cefr_j
carefree,adjective,B2,cefr_j
carefully,adverb,A1,cefr_j
careless,adjective,B1,cefr_j
carelessly,adverb,B1,cefr_j
carelessness,noun,B1,cefr_j
caring,adjective,B2,cefr_j
carnival,noun,B2,cefr_j
carpet,noun,B1,cefr_j
carpool,noun,B2,cefr_j
carrot,noun,A2,cefr_j
carton,noun,B1,cefr_j
cartoon,noun,A1,cefr_j
carve,verb,B2,cefr_j
cascade,noun,B2,cefr_j
cashpoint,noun,B1,cefr_j
cassette,noun,A2,cefr_j
casual,adjective,B1,cefr_j
casually,adverb,B2,cefr_j
catalog/catalogue,noun,B2,cefr_j
catalyst,noun,B2,cefr_j
catastrophe,noun,B2,cefr_j
catastrophic,adjective,B2,cefr_j
catchy,adjective,B2,cefr_j
categorization/categorisation,noun,B2,cefr_j
categorize/categorise,verb,B1,cefr_j
category,noun,B1,cefr_j
catering,noun,B2,cefr_j
cathedral,noun,B2,cefr_j
caution,noun,B1,cefr_j
cautious,adjective,B1,cefr_j
cave,noun,B1,cefr_j
CD player,noun,A1,cefr_j
cease,verb,B2,cefr_j
ceiling,noun,B2,cefr_j
celebrate,verb,A1,cefr_j
celebration,noun,A1,cefr_j
celebrity,noun,B1,cefr_j
cellar,noun,B2,cefr_j
cellist,noun,B2,cefr_j
cello,noun,B2,cefr_j
center/centre,noun,A2,cefr_j
centigrade,noun,B2,cefr_j
centimeter/centimetre,noun,A2,cefr_j
central heating,noun,B1,cefr_j
cereal,noun,A2,cefr_j
ceremony,noun,B1,cefr_j
certainly,adverb,A2,cefr_j
certainty,noun,B1,cefr_j
certificate,noun,B2,cefr_j
certification,noun,B2,cefr_j
certify,verb,B2,cefr_j
challenge,noun,A2,cefr_j
challenge,verb,B2,cefr_j
challenging,adjective,B1,cefr_j
champagne,noun,A2,cefr_j
championship,noun,A2,cefr_j
chancellor,noun,B2,cefr_j
channel,noun,B1,cefr_j
chaotic,adjective,B2,cefr_j
chapter,noun,A2,cefr_j
character,noun,A1,cefr_j
characterize/characterise,verb,B1,cefr_j
charge,noun,B1,cefr_j
charge,verb,B1,cefr_j
chariot,noun,B1,cefr_j
charity,noun,B1,cefr_j
charming,adjective,B2,cefr_j
chart,noun,A2,cefr_j
chase,noun,B1,cefr_j
chase,verb,B2,cefr_j
chat show,noun,B1,cefr_j
cheat,verb,B2,cefr_j
check-in counter/check-in,noun,B1,cefr_j
check-in desk/check-in,noun,B1,cefr_j
checkout,noun,B1,cefr_j
checkpoint,noun,B2,cefr_j
cheek,noun,A2,cefr_j
cheeky,adjective,B2,cefr_j
cheer,verb,A2,cefr_j
cheerful,adjective,B1,cefr_j
cheerfully,adverb,B2,cefr_j
cheerfulness,noun,B2,cefr_j
chef,noun,A2,cefr_j
chemist,noun,B1,cefr_j
chemotherapy,noun,B2,cefr_j
cherish,verb,B1,cefr_j
cherished,adjective,B2,cefr_j
chest of drawers,noun,B1,cefr_j
chew,verb,B2,cefr_j
chewing gum,noun,B1,cefr_j
chili/chilli,noun,A2,cefr_j
chimney,noun,B2,cefr_j
chimpanzee,noun,A2,cefr_j
chirp,noun,A2,cefr_j
choice,noun,A2,cefr_j
choke,verb,B1,cefr_j
chronological,adjective,B1,cefr_j
chuckle,noun,B1,cefr_j
chunk,noun,B2,cefr_j
cinema,noun,A1,cefr_j
circuitry,noun,B2,cefr_j
circular,adjective,B1,cefr_j
circumstance,noun,B2,cefr_j
circus,noun,B1,cefr_j
citizenship,noun,B1,cefr_j
citywide,adjective,B2,cefr_j
civilization/civilisation,noun,B1,cefr_j
claim,noun,B1,cefr_j
claim,verb,A2,cefr_j
clam,noun,B2,cefr_j
clarify,verb,B2,cefr_j
classical,adjective,B1,cefr_j
classical music,noun,A2,cefr_j
classification,noun,B2,cefr_j
classify,verb,B1,cefr_j
classmate,noun,A1,cefr_j
classroom,noun,A1,cefr_j
cleaner,noun,A2,cefr_j
clearly,adverb,A2,cefr_j
clearness,noun,B2,cefr_j
clerical,adjective,B2,cefr_j
clerk,noun,A2,cefr_j
clever,adjective,A1,cefr_j
click,noun,B1,cefr_j
click,verb,A2,cefr_j
client,noun,B2,cefr_j
cliff,noun,B1,cefr_j
climate,noun,B1,cefr_j
climate change,noun,B2,cefr_j
climb,noun,A1,cefr_j
climb,verb,A2,cefr_j
climbing,noun,A2,cefr_j
clinic,noun,B1,cefr_j
clip,noun,B1,cefr_j
clog,verb,B2,cefr_j
clone,verb,A2,cefr_j
closely,adverb,B1,cefr_j
closure,noun,B2,cefr_j
clothing,noun,B2,cefr_j
cloudy,adjective,A1,cefr_j
clown,noun,A2,cefr_j
clumsy,adjective,B2,cefr_j
coach,noun,A1,cefr_j
coach,verb,B2,cefr_j
coaching,noun,B2,cefr_j
coalition,noun,B2,cefr_j
coast,noun,A2,cefr_j
coast,verb,B1,cefr_j
coastal,adjective,B1,cefr_j
coastline,noun,B2,cefr_j
cocktail,noun,B2,cefr_j
coconut,noun,B2,cefr_j
coffin,noun,B1,cefr_j
coherence,noun,B2,cefr_j
coherent,adjective,B2,cefr_j
coincide,verb,B2,cefr_j
coincidence,noun,B2,cefr_j
colleague,noun,B2,cefr_j
collection,noun,A1,cefr_j
collector,noun,B2,cefr_j
collocation,noun,B2,cefr_j
colonial,adjective,B2,cefr_j
color/colour,noun,A1,cefr_j
color/colour,verb,A1,cefr_j
colorful/colourful,adjective,A2,cefr_j
column,noun,A2,cefr_j
columnist,noun,B1,cefr_j
coma,noun,B2,cefr_j
combination,noun,B1,cefr_j
combine,verb,B1,cefr_j
comedian,noun,B1,cefr_j
comedy,noun,B1,cefr_j
comfortably,adverb,B2,cefr_j
command,noun,B1,cefr_j
commander,noun,B2,cefr_j
commemorate,verb,B2,cefr_j
comment,noun,B1,cefr_j
comment,verb,B2,cefr_j
commerce,noun,B2,cefr_j
commercial,adjective,B1,cefr_j
commercial,noun,B2,cefr_j
commit,verb,B1,cefr_j
commitment,noun,A2,cefr_j
common sense,noun,B1,cefr_j
commonly,adverb,B1,cefr_j
communicate,verb,A2,cefr_j
communication,noun,A2,cefr_j
communicative,adjective,B2,cefr_j
commute,verb,B2,cefr_j
companion,noun,B1,cefr_j
compassion,noun,B2,cefr_j
compassionate,adjective,B2,cefr_j
compatible,adjective,B2,cefr_j
compensate,verb,B2,cefr_j
compensation,noun,B2,cefr_j
compete,verb,B1,cefr_j
competence,noun,B2,cefr_j
competent,adjective,B2,cefr_j
competitive,adjective,B1,cefr_j
competitor,noun,B1,cefr_j
compile,verb,B2,cefr_j
complain,verb,A2,cefr_j
complaint,noun,A2,cefr_j
complement,noun,B1,cefr_j
completely,adverb,B1,cefr_j
completion,noun,B2,cefr_j
complexion,noun,B2,cefr_j
complexity,noun,B2,cefr_j
complicate,verb,B1,cefr_j
complicated,adjective,B1,cefr_j
compliment,noun,B1,cefr_j
component,noun,B2,cefr_j
composer,noun,A2,cefr_j
composition,noun,B1,cefr_j
compound,noun,B1,cefr_j
comprehension,noun,B2,cefr_j
comprehensive,adjective,B2,cefr_j
compression,noun,B2,cefr_j
compromise,noun,B1,cefr_j
compromise,verb,B2,cefr_j
compulsory,adjective,B2,cefr_j
compute,verb,B2,cefr_j
concede,verb,B2,cefr_j
conceit,noun,B2,cefr_j
conceivable,adjective,B2,cefr_j
conceive,verb,B2,cefr_j
concentrate,verb,A2,cefr_j
concentration,noun,B1,cefr_j
concept,noun,B1,cefr_j
conception,noun,B2,cefr_j
concerned,adjective,B1,cefr_j
concerning,preposition,B2,cefr_j
concert,noun,A1,cefr_j
concession,noun,B2,cefr_j
conclude,verb,B1,cefr_j
conclusion,noun,B1,cefr_j
conduct,noun,B1,cefr_j
conduct,verb,B2,cefr_j
cone,noun,B2,cefr_j
conference,noun,B2,cefr_j
conferencing,noun,B2,cefr_j
confess,verb,B2,cefr_j
confession,noun,B2,cefr_j
confidently,adverb,B2,cefr_j
confine,verb,B2,cefr_j
confirm,verb,B1,cefr_j
confirmation,noun,B1,cefr_j
conflict,noun,B1,cefr_j
confront,verb,B2,cefr_j
confuse,verb,A2,cefr_j
confused,adjective,A2,cefr_j
confusing,adjective,B1,cefr_j
confusion,noun,B1,cefr_j
congratulate,verb,B1,cefr_j
connection/connexion,noun,B1,cefr_j
conquer,verb,B1,cefr_j
conquest,noun,B2,cefr_j
conscience,noun,B2,cefr_j
consequence,noun,A2,cefr_j
consequently,adverb,B1,cefr_j
conservation,noun,B1,cefr_j
conservative,adjective,B1,cefr_j
consider,verb,A2,cefr_j
considerable,adjective,B1,cefr_j
considerably,adverb,B2,cefr_j
consideration,noun,B1,cefr_j
considering,conjunction,B2,cefr_j
considering,preposition,B2,cefr_j
consist,verb,A2,cefr_j
consistent,adjective,B2,cefr_j
consolation,noun,B2,cefr_j
console,verb,B2,cefr_j
constantly,adverb,B1,cefr_j
constitute,verb,B1,cefr_j
construct,verb,B1,cefr_j
construction,noun,B1,cefr_j
consult,verb,B2,cefr_j
consultant,noun,B2,cefr_j
consumer,noun,B1,cefr_j
contact,noun,A2,cefr_j
contact,verb,A2,cefr_j
container,noun,A2,cefr_j
contaminate,verb,B2,cefr_j
contempt,noun,B2,cefr_j
contest,noun,A1,cefr_j
continual,adjective,B1,cefr_j
continually,adverb,B1,cefr_j
continue,verb,A2,cefr_j
continuously,adverb,B1,cefr_j
contract,noun,B2,cefr_j
contradict,verb,B2,cefr_j
contradiction,noun,B2,cefr_j
contradictory,adjective,B2,cefr_j
contrary,adjective,B1,cefr_j
contrast,noun,A2,cefr_j
contribution,noun,B1,cefr_j
controversial,adjective,B1,cefr_j
controversy,noun,B2,cefr_j
convenience,noun,A2,cefr_j
convenient,adjective,A2,cefr_j
conveniently,adverb,B2,cefr_j
converse,noun,B2,cefr_j
conversely,adverb,B2,cefr_j
conversion,noun,B2,cefr_j
convert,verb,B2,cefr_j
convey,verb,B1,cefr_j
convince,verb,B1,cefr_j
convinced,adjective,B2,cefr_j
cooker,noun,A2,cefr_j
cookie,noun,A1,cefr_j
cooking,noun,A2,cefr_j
cooler,noun,A2,cefr_j
cooperate,verb,B2,cefr_j
cooperation,noun,B2,cefr_j
cooperative,adjective,B2,cefr_j
cope,verb,B2,cefr_j
core,noun,B2,cefr_j
corn,noun,A1,cefr_j
corner,noun,A1,cefr_j
cornerstone,noun,B2,cefr_j
corona,noun,B2,cefr_j
correction,noun,B1,cefr_j
correctly,adverb,A2,cefr_j
correctness,noun,B2,cefr_j
correspond,verb,B2,cefr_j
correspondence,noun,B2,cefr_j
correspondent,noun,B2,cefr_j
corresponding,adjective,B2,cefr_j
corridor,noun,B2,cefr_j
corruption,noun,B2,cefr_j
costly,adjective,B2,cefr_j
costume,noun,B2,cefr_j
cottage,noun,B2,cefr_j
could,modal auxiliary,A1,cefr_j
council,noun,B1,cefr_j
counseling/counselling,noun,B1,cefr_j
counter,noun,B2,cefr_j
counter,verb,B1,cefr_j
countless,adjective,B1,cefr_j
countryman,noun,B2,cefr_j
countryside,noun,A2,cefr_j
countrywide,adjective,B2,cefr_j
couple,noun,A2,cefr_j
courageous,adjective,B1,cefr_j
courgette,noun,B1,cefr_j
court,noun,A2,cefr_j
courtesy,noun,B2,cefr_j
coward,noun,B2,cefr_j
cowardly,adjective,B2,cefr_j
coziness/cosiness,noun,B2,cefr_j
cozy/cosy,adjective,B2,cefr_j
crab,noun,B2,cefr_j
craftsman,noun,B2,cefr_j
crater,noun,B2,cefr_j
crawl,verb,B2,cefr_j
crease,noun,B2,cefr_j
creation,noun,B2,cefr_j
creative,adjective,A2,cefr_j
creatively,adverb,B2,cefr_j
creativity,noun,A2,cefr_j
creator,noun,B1,cefr_j
creature,noun,A2,cefr_j
credit card,noun,A1,cefr_j
creek,noun,B2,cefr_j
creepy,adjective,B2,cefr_j
cripple,noun,B2,cefr_j
crisp,noun,A2,cefr_j
critic,noun,B1,cefr_j
critical,adjective,B1,cefr_j
critically,adverb,B2,cefr_j
criticism,noun,B2,cefr_j
criticize/criticise,verb,A2,cefr_j
crop,noun,B1,cefr_j
crossly,adverb,B2,cefr_j
crossroads,noun,B1,cefr_j
crowded,adjective,A2,cefr_j
crucial,adjective,B2,cefr_j
cruelly,adverb,B2,cefr_j
cruelty,noun,B2,cefr_j
crystallize/crystallise,verb,B2,cefr_j
cubism,noun,B2,cefr_j
cucumber,noun,B1,cefr_j
cuff,noun,B2,cefr_j
culmination,noun,B2,cefr_j
cultivate,verb,B1,cefr_j
cultural,adjective,B1,cefr_j
culturally,adverb,B2,cefr_j
cupboard,noun,A2,cefr_j
cure,noun,B1,cefr_j
cure,verb,B2,cefr_j
curiously,adverb,B1,cefr_j
curl,noun,B2,cefr_j
curly,adjective,B1,cefr_j
custom,noun,A2,cefr_j
customer,noun,A2,cefr_j
customs,noun,B1,cefr_j
CV,noun,B1,cefr_j
cyberaddict,noun,B2,cefr_j
cybercafe/cybercafé,noun,B2,cefr_j
cybercrime,noun,B2,cefr_j
cyberpet,noun,B2,cefr_j
cyberschool,noun,B2,cefr_j
cycling,noun,A2,cefr_j
cyclist,noun,B2,cefr_j
dad,noun,A1,cefr_j
daddy,noun,A1,cefr_j
daft,adjective,B2,cefr_j
daisy,noun,B1,cefr_j
damaged,adjective,B1,cefr_j
damn,adjective,B2,cefr_j
damn,adverb,B2,cefr_j
damn,interjection,B2,cefr_j
dance,noun,A1,cefr_j
dance,verb,A1,cefr_j
dancing,noun,A1,cefr_j
dandelion,noun,B2,cefr_j
dangerous,adjective,A2,cefr_j
dangerously,adverb,B1,cefr_j
darkness,noun,B1,cefr_j
darling,adjective,B2,cefr_j
darling,noun,B2,cefr_j
data,noun,B2,cefr_j
database,noun,B2,cefr_j
dating,noun,B1,cefr_j
daylight,noun,A2,cefr_j
daytime,noun,B2,cefr_j
daze,noun,B1,cefr_j
dazzle,noun,B1,cefr_j
deadline,noun,B1,cefr_j
deadly,adjective,B1,cefr_j
deaf,adjective,B1,cefr_j
dealer,noun,B1,cefr_j
dearly,adverb,B2,cefr_j
debit,noun,B2,cefr_j
debit,verb,B2,cefr_j
debit card,noun,B2,cefr_j
debris,noun,B1,cefr_j
decay,verb,B2,cefr_j
deceive,verb,B2,cefr_j
decent,adjective,B2,cefr_j
decide,verb,A2,cefr_j
decisive,adjective,B2,cefr_j
deck,noun,B2,cefr_j
declare,verb,B1,cefr_j
decomposition,noun,B2,cefr_j
decorate,verb,B2,cefr_j
decoration,noun,B2,cefr_j
decorative,adjective,B2,cefr_j
dedicate,verb,B1,cefr_j
dedication,noun,B2,cefr_j
deduction,noun,B2,cefr_j
deed,noun,B1,cefr_j
deeply,adverb,A2,cefr_j
defend,verb,B1,cefr_j
defender,noun,B1,cefr_j
defense/defence,noun,B1,cefr_j
deficiency,noun,B1,cefr_j
define,verb,B1,cefr_j
definitely,adverb,B1,cefr_j
deforestation,noun,B2,cefr_j
defy,verb,B2,cefr_j
dehumanize/dehumanise,verb,B2,cefr_j
delay,noun,A2,cefr_j
delay,verb,B1,cefr_j
delete,verb,B1,cefr_j
deliberate,adjective,B2,cefr_j
deliberately,adverb,B2,cefr_j
delicacy,noun,B2,cefr_j
delicately,adverb,B2,cefr_j
delicious,adjective,A1,cefr_j
delight,noun,B1,cefr_j
delight,verb,B2,cefr_j
delighted,adjective,B1,cefr_j
delightful,adjective,B1,cefr_j
deliver,verb,B1,cefr_j
delivery,noun,B1,cefr_j
demand,noun,B1,cefr_j
demand,verb,B1,cefr_j
demanding,adjective,B2,cefr_j
democratic,adjective,B1,cefr_j
demolish,verb,B2,cefr_j
demonstrate,verb,B1,cefr_j
demonstration,noun,B1,cefr_j
denim,noun,B2,cefr_j
dense,adjective,B2,cefr_j
densely,adverb,B2,cefr_j
dental,adjective,B2,cefr_j
dentist,noun,A2,cefr_j
depart,verb,B1,cefr_j
department,noun,B1,cefr_j
department store,noun,A2,cefr_j
departure,noun,B1,cefr_j
depend,verb,A2,cefr_j
dependable,adjective,B2,cefr_j
depressed,adjective,B1,cefr_j
depressing,adjective,B1,cefr_j
depression,noun,B1,cefr_j
deprive,verb,B1,cefr_j
deputy,noun,B2,cefr_j
descend,verb,B2,cefr_j
describe,verb,A1,cefr_j
description,noun,A2,cefr_j
descriptive,adjective,B2,cefr_j
designer,adjective,B2,cefr_j
designer,noun,B1,cefr_j
desirable,adjective,B2,cefr_j
desk,noun,A1,cefr_j
desktop,noun,B2,cefr_j
desolation,noun,B2,cefr_j
despair,noun,B1,cefr_j
desperate,adjective,B1,cefr_j
desperately,adverb,B2,cefr_j
desperation,noun,B2,cefr_j
despise,verb,B2,cefr_j
despite,preposition,B1,cefr_j
dessert,noun,A2,cefr_j
destination,noun,B1,cefr_j
detach,verb,B2,cefr_j
detachment,noun,B2,cefr_j
detailed,adjective,B2,cefr_j
detect,verb,B2,cefr_j
detective,noun,B1,cefr_j
determination,noun,B1,cefr_j
determine,verb,B1,cefr_j
determined,adjective,B2,cefr_j
determiner,noun,B2,cefr_j
devastate,verb,B1,cefr_j
devastating,adjective,B1,cefr_j
developed,adjective,A2,cefr_j
developing,adjective,B2,cefr_j
devil,noun,B2,cefr_j
devote,verb,B2,cefr_j
devoted,adjective,B2,cefr_j
devotion,noun,B1,cefr_j
diagram,noun,B1,cefr_j
dialog/dialogue,noun,B1,cefr_j
diameter,noun,B1,cefr_j
diaper,noun,B1,cefr_j
diarrhea/diarrhoea,noun,B2,cefr_j
diary,noun,A2,cefr_j
did,do-verb,A1,cefr_j
diet,noun,A2,cefr_j
differently,adverb,A2,cefr_j
difficult,adjective,A1,cefr_j
difficulty,noun,A2,cefr_j
digest,noun,B2,cefr_j
digital camera,noun,A2,cefr_j
dignify,verb,B2,cefr_j
dilemma,noun,B2,cefr_j
diligence,noun,B1,cefr_j
diligent,adjective,B1,cefr_j
dim,adjective,B2,cefr_j
dime,noun,B2,cefr_j
dining room,noun,A1,cefr_j
dinosaur,noun,A2,cefr_j
dioxide,noun,B1,cefr_j
dip,verb,B2,cefr_j
diphtheria,noun,B2,cefr_j
diploma,noun,B2,cefr_j
diplomat,noun,B2,cefr_j
directly,adverb,B1,cefr_j
director,noun,A2,cefr_j
dirt,noun,B1,cefr_j
disability,noun,B1,cefr_j
disable,verb,B1,cefr_j
disabled,adjective,B1,cefr_j
disadvantage,noun,A2,cefr_j
disagree,verb,A2,cefr_j
disagreement,noun,B1,cefr_j
disappear,verb,A2,cefr_j
disappearance,noun,B2,cefr_j
disappoint,verb,B1,cefr_j
disappointed,adjective,A2,cefr_j
disappointing,adjective,A2,cefr_j
disappointment,noun,B1,cefr_j
disapproval,noun,B2,cefr_j
disapprove,verb,B2,cefr_j
disaster,noun,B1,cefr_j
disastrous,adjective,B1,cefr_j
disc jockey/disk jockey,noun,B1,cefr_j
disciple,noun,B2,cefr_j
discipline,noun,B2,cefr_j
disco,noun,A2,cefr_j
discomfort,noun,B1,cefr_j
disconnect,verb,B2,cefr_j
discount,noun,B1,cefr_j
discourage,verb,B1,cefr_j
discredit,verb,B2,cefr_j
discriminate,verb,B2,cefr_j
discrimination,noun,B1,cefr_j
discuss,verb,A1,cefr_j
discussion,noun,A2,cefr_j
disgrace,noun,B2,cefr_j
disgusting,adjective,B1,cefr_j
dishonest,adjective,A2,cefr_j
dishonesty,noun,B2,cefr_j
dishwasher,noun,B1,cefr_j
disillusion,verb,B2,cefr_j
disk/disc,noun,B1,cefr_j
dislike,noun,A2,cefr_j
dislike,verb,B1,cefr_j
dismiss,verb,B2,cefr_j
disorder,noun,B2,cefr_j
disorderly,adjective,B2,cefr_j
disorganized/disorganised,adjective,B2,cefr_j
dispensable,adjective,B2,cefr_j
displace,verb,B2,cefr_j
displeasure,noun,B2,cefr_j
disposal,noun,B2,cefr_j
disposition,noun,B2,cefr_j
dispute,noun,B2,cefr_j
disqualify,verb,B2,cefr_j
disregard,noun,B2,cefr_j
disrupt,verb,B2,cefr_j
dissatisfaction,noun,B2,cefr_j
dissatisfied,adjective,B2,cefr_j
dissident,noun,B2,cefr_j
dissolve,verb,B1,cefr_j
distant,adjective,B1,cefr_j
distinction,noun,B1,cefr_j
distinctly,adverb,B1,cefr_j
distinguish,verb,B1,cefr_j
distinguished,adjective,B2,cefr_j
distortion,noun,B2,cefr_j
distract,verb,B2,cefr_j
distraction,noun,B2,cefr_j
distressing,adjective,B2,cefr_j
distribute,verb,B1,cefr_j
distributor,noun,B2,cefr_j
district,noun,B1,cefr_j
disturb,verb,A2,cefr_j
disturbance,noun,B1,cefr_j
diver,noun,B1,cefr_j
diverse,adjective,B1,cefr_j
divert,verb,B2,cefr_j
divide,noun,B1,cefr_j
divide,verb,A2,cefr_j
divided,adjective,B2,cefr_j
diving,noun,B1,cefr_j
divorce,noun,B2,cefr_j
divorce,verb,B2,cefr_j
divorced,adjective,B1,cefr_j
dizzy,adjective,A2,cefr_j
DJ,noun,B1,cefr_j
do,do-verb,A1,cefr_j
doc,noun,B1,cefr_j
dock,noun,B2,cefr_j
doctor/Dr./Dr,noun,A1,cefr_j
document,noun,B1,cefr_j
documentary,noun,B1,cefr_j
does,do-verb,A1,cefr_j
dog,noun,A1,cefr_j
doing,do-verb,A1,cefr_j
doll,noun,A1,cefr_j
dolphin,noun,B1,cefr_j
domestic,adjective,B2,cefr_j
dominate,verb,B2,cefr_j
donate,verb,B2,cefr_j
donation,noun,B2,cefr_j
done,do-verb,A2,cefr_j
doorkeeper,noun,B2,cefr_j
doorway,noun,B2,cefr_j
dorm,noun,B2,cefr_j
dormitory,noun,B2,cefr_j
dose,noun,B2,cefr_j
dot,noun,B1,cefr_j
doubly,adverb,B2,cefr_j
doubtful,adjective,B2,cefr_j
downfall,noun,B2,cefr_j
downsize,verb,B2,cefr_j
downtown,adverb,A2,cefr_j
downward,adjective,B1,cefr_j
dowry,noun,B2,cefr_j
doze,noun,B1,cefr_j
dozen,determiner,B1,cefr_j
dozen,noun,B1,cefr_j
draft/draught,noun,B2,cefr_j
drain,noun,B2,cefr_j
drain,verb,B2,cefr_j
dramatic,adjective,B1,cefr_j
dramatically,adverb,B2,cefr_j
drapery,noun,B2,cefr_j
dread,verb,B2,cefr_j
dreadful,adjective,B2,cefr_j
dreamy,adjective,B2,cefr_j
dressed,adjective,A2,cefr_j
drinkable,adjective,B2,cefr_j
driver,noun,A1,cefr_j
driver's license/driving licence,noun,A2,cefr_j
droop,noun,B2,cefr_j
drop,noun,A2,cefr_j
drop,verb,A1,cefr_j
dropout,noun,B2,cefr_j
drown,verb,B1,cefr_j
drugstore,noun,A2,cefr_j
drum,noun,A1,cefr_j
dude,noun,B1,cefr_j
dumb,adjective,B2,cefr_j
duplicate,noun,B2,cefr_j
duplication,noun,B2,cefr_j
during,preposition,A2,cefr_j
dustbin,noun,B1,cefr_j
dusty,adjective,B1,cefr_j
duty-free,adjective,B1,cefr_j
duvet,noun,B1,cefr_j
dwarf,noun,B2,cefr_j
dynasty,noun,B1,cefr_j
each,determiner,A1,cefr_j
each,pronoun,A1,cefr_j
each other,pronoun,A1,cefr_j
eager,adjective,B1,cefr_j
eagerly,adverb,B2,cefr_j
eagerness,noun,B1,cefr_j
earache,noun,B1,cefr_j
earn,verb,A2,cefr_j
earnest,adjective,B1,cefr_j
earnings,noun,B2,cefr_j
earring,noun,A2,cefr_j
ease,noun,B2,cefr_j
ease,verb,B2,cefr_j
easily,adverb,A2,cefr_j
eastern,adjective,B1,cefr_j
eastward,adverb,B2,cefr_j
easy,adjective,A1,cefr_j
easygoing/easy-going,adjective,B1,cefr_j
eco,noun,B1,cefr_j
ecological,adjective,B1,cefr_j
ecologically,adverb,B2,cefr_j
economic,adjective,B1,cefr_j
economical,adjective,B2,cefr_j
economist,noun,B2,cefr_j
ecosystem,noun,B1,cefr_j
ecstasy,noun,B1,cefr_j
ecstatic,adjective,B2,cefr_j
edge,noun,B1,cefr_j
edition,noun,B1,cefr_j
editor,noun,A2,cefr_j
editorial,noun,B2,cefr_j
educate,verb,B1,cefr_j
educated,adjective,B2,cefr_j
educational,adjective,A2,cefr_j
educator,noun,B2,cefr_j
effective,adjective,B1,cefr_j
effectively,adverb,B2,cefr_j
effectiveness,noun,B2,cefr_j
efficiency,noun,B1,cefr_j
efficient,adjective,B1,cefr_j
effort,noun,A2,cefr_j
eight,number,A1,cefr_j
eighteen,number,A1,cefr_j
eighty,number,A1,cefr_j
either,adverb,A1,cefr_j
either,conjunction,A2,cefr_j
either,determiner,B1,cefr_j
either,pronoun,B1,cefr_j
elderly,adjective,A2,cefr_j
elect,verb,B2,cefr_j
elective,adjective,B2,cefr_j
electrical,adjective,B1,cefr_j
electrician,noun,B2,cefr_j
electronically,adverb,B2,cefr_j
electronics,noun,B2,cefr_j
elegance,noun,B2,cefr_j
elegant,adjective,B2,cefr_j
elegantly,adverb,B2,cefr_j
elemental,adjective,B2,cefr_j
elementary,adjective,A1,cefr_j
elevator,noun,A2,cefr_j
eleven,number,A1,cefr_j
eligible,adjective,B2,cefr_j
eliminate,verb,B1,cefr_j
elite,noun,B2,cefr_j
eloquent,adjective,B2,cefr_j
elsewhere,adverb,A2,cefr_j
email,verb,A2,cefr_j
email/e-mail/E-mail,noun,A1,cefr_j
embarrass,verb,B1,cefr_j
embarrassed,adjective,B1,cefr_j
embarrassing,adjective,A2,cefr_j
embarrassment,noun,B1,cefr_j
embassy,noun,B2,cefr_j
embrace,noun,B2,cefr_j
emerge,verb,B1,cefr_j
emergence,noun,B2,cefr_j
emergency,noun,A2,cefr_j
emotion,noun,B1,cefr_j
emotional,adjective,B1,cefr_j
emotionally,adverb,B1,cefr_j
emphasis,noun,B1,cefr_j
emphasize/emphasize,verb,B1,cefr_j
emphatically,adverb,B2,cefr_j
employ,verb,B2,cefr_j
employer,noun,B2,cefr_j
enable,verb,B1,cefr_j
enclose,verb,B1,cefr_j
encounter,noun,B1,cefr_j
encounter,verb,B2,cefr_j
encourage,verb,A2,cefr_j
encouragement,noun,B1,cefr_j
encouraging,adjective,B1,cefr_j
encyclopedia/encyclopaedia,noun,B1,cefr_j
endanger,verb,B1,cefr_j
endangered,adjective,A2,cefr_j
endeavor/endeavour,noun,B2,cefr_j
endless,adjective,B1,cefr_j
endlessly,adverb,B2,cefr_j
endorse,verb,B2,cefr_j
endurance,noun,B2,cefr_j
endure,verb,B1,cefr_j
enduring,adjective,B2,cefr_j
enemy,noun,B1,cefr_j
energetic,adjective,A2,cefr_j
engage,verb,B1,cefr_j
engaged,adjective,B1,cefr_j
engagement,noun,B2,cefr_j
engineer,noun,A1,cefr_j
engineering,noun,B1,cefr_j
engulf,verb,B2,cefr_j
enhance,verb,B2,cefr_j
enjoy,verb,A1,cefr_j
enjoyable,adjective,B1,cefr_j
enjoyment,noun,B1,cefr_j
enormous,adjective,A2,cefr_j
enrich,verb,B1,cefr_j
enroll/enrol,verb,B2,cefr_j
ensure,verb,B1,cefr_j
enter,verb,A2,cefr_j
enthusiasm,noun,B1,cefr_j
enthusiast,noun,B1,cefr_j
enthusiastic,adjective,B1,cefr_j
enthusiastically,adverb,B2,cefr_j
entirely,adverb,B1,cefr_j
entitle,verb,B2,cefr_j
entrepreneur,noun,B2,cefr_j
entry,noun,B1,cefr_j
environmental,adjective,B1,cefr_j
environmentalist,noun,B1,cefr_j
environmentally,adverb,B2,cefr_j
environmentally friendly,adjective,B2,cefr_j
equal,adjective,B1,cefr_j
equal,noun,B2,cefr_j
equal,verb,B2,cefr_j
equality,noun,B1,cefr_j
equally,adverb,B1,cefr_j
equation,noun,B2,cefr_j
equip,verb,B2,cefr_j
equipment,noun,B1,cefr_j
equity,noun,B2,cefr_j
erect,adjective,B2,cefr_j
erupt,verb,B2,cefr_j
eruption,noun,B2,cefr_j
escalator,noun,A2,cefr_j
especially,adverb,A2,cefr_j
essay,noun,A2,cefr_j
essayist,noun,B2,cefr_j
essence,noun,B1,cefr_j
essentially,adverb,B2,cefr_j
establish,verb,A2,cefr_j
establishment,noun,B1,cefr_j
estimate,noun,B2,cefr_j
estimate,verb,B1,cefr_j
estimated,adjective,B2,cefr_j
eternally,adverb,B2,cefr_j
eternity,noun,B1,cefr_j
ethic,noun,B2,cefr_j
evacuate,verb,B2,cefr_j
evacuation,noun,B2,cefr_j
evaluate,verb,B2,cefr_j
evaluation,noun,B2,cefr_j
even,adjective,B1,cefr_j
even,adverb,A2,cefr_j
evening,noun,A1,cefr_j
evenly,adverb,B1,cefr_j
ever,adverb,A2,cefr_j
everlasting,adjective,B2,cefr_j
every,determiner,A1,cefr_j
everyday,adjective,A1,cefr_j
everything,pronoun,A1,cefr_j
everywhere,adverb,A1,cefr_j
evidence,noun,A2,cefr_j
evident,adjective,B1,cefr_j
evidently,adverb,B2,cefr_j
evolution,noun,B2,cefr_j
evolve,verb,B2,cefr_j
exact,adjective,B1,cefr_j
exactly,adverb,A2,cefr_j
exactness,noun,B2,cefr_j
exaggerate,noun,B2,cefr_j
exaggeration,noun,B2,cefr_j
exalt,verb,B2,cefr_j
exam,noun,A2,cefr_j
examination,noun,B1,cefr_j
examine,verb,B1,cefr_j
examinee,noun,B2,cefr_j
examiner,noun,B1,cefr_j
exceed,verb,B2,cefr_j
excel,verb,B2,cefr_j
excellence,noun,B1,cefr_j
excellent,adjective,A1,cefr_j
except,conjunction,A2,cefr_j
except,preposition,A2,cefr_j
exception,noun,B2,cefr_j
exceptional,adjective,B2,cefr_j
exceptionally,adverb,B2,cefr_j
excess,noun,B1,cefr_j
excessive,adjective,B2,cefr_j
exchange,noun,A2,cefr_j
exchange,verb,B1,cefr_j
exchange rate,noun,B1,cefr_j
excited,adjective,A1,cefr_j
excitedly,adverb,B1,cefr_j
excitement,noun,B1,cefr_j
exciting,adjective,A1,cefr_j
exclaim,verb,B2,cefr_j
exclusion,noun,B2,cefr_j
exclusive,adjective,B1,cefr_j
exclusively,adverb,B2,cefr_j
excursion,noun,B2,cefr_j
excuse,noun,A1,cefr_j
excuse,verb,B1,cefr_j
execution,noun,B2,cefr_j
executive,adjective,B2,cefr_j
executive,noun,B2,cefr_j
exercise,noun,A2,cefr_j
exercise,verb,A1,cefr_j
exhausted,adjective,B1,cefr_j
exhausting,adjective,B2,cefr_j
exhaustion,noun,B2,cefr_j
exhibit,verb,B2,cefr_j
exhibition,noun,A2,cefr_j
exist,verb,A2,cefr_j
existing,adjective,B2,cefr_j
expand,verb,B1,cefr_j
expansion,noun,B2,cefr_j
expect,verb,A2,cefr_j
expectation,noun,B2,cefr_j
expected,adjective,B2,cefr_j
expedition,noun,B2,cefr_j
expense,noun,B1,cefr_j
expensive,adjective,A1,cefr_j
experienced,adjective,B1,cefr_j
expert,adjective,B2,cefr_j
expert,noun,A2,cefr_j
explain,verb,A2,cefr_j
explanation,noun,A2,cefr_j
explode,verb,B2,cefr_j
exploit,verb,B2,cefr_j
exploration,noun,B1,cefr_j
explosive,adjective,B2,cefr_j
explosive,noun,B2,cefr_j
export,noun,B2,cefr_j
export,verb,B2,cefr_j
express,noun,A2,cefr_j
express,verb,B1,cefr_j
expressive,adjective,B2,cefr_j
exquisite,adjective,B2,cefr_j
extend,verb,B1,cefr_j
extension,noun,B2,cefr_j
extensively,adverb,B1,cefr_j
extent,noun,B1,cefr_j
external,adjective,B2,cefr_j
extinct,adjective,B1,cefr_j
extinction,noun,B1,cefr_j
extra,adjective,A2,cefr_j
extra,adverb,A2,cefr_j
extra,noun,B1,cefr_j
extract,noun,B2,cefr_j
extract,verb,B2,cefr_j
extraordinarily,adverb,B2,cefr_j
extreme sports,noun,B1,cefr_j
extremely,adverb,A2,cefr_j
exultant,adjective,B2,cefr_j
eyebrow,noun,B2,cefr_j
eyesight,noun,B1,cefr_j
fabric,noun,B2,cefr_j
fabulous,adjective,B2,cefr_j
face to face,adverb,B1,cefr_j
face-to-face,adjective,B1,cefr_j
facilitate,verb,B2,cefr_j
facilities,noun,B2,cefr_j
facility,noun,B1,cefr_j
faculty,noun,B2,cefr_j
fade,verb,B1,cefr_j
failure,noun,B1,cefr_j
faint,adjective,B1,cefr_j
faint,verb,B2,cefr_j
fairly,adverb,A2,cefr_j
faith,noun,B2,cefr_j
faithful,adjective,B1,cefr_j
fake,adjective,B1,cefr_j
falter,verb,B2,cefr_j
fame,noun,B2,cefr_j
familiar,adjective,A2,cefr_j
familiarize/familiarise,verb,B2,cefr_j
famous,adjective,A1,cefr_j
fancy,adjective,A2,cefr_j
fancy,noun,B1,cefr_j
fancy,verb,B1,cefr_j
fantastic,adjective,A2,cefr_j
fantastically,adverb,B2,cefr_j
fantasy,noun,B1,cefr_j
faraway,adjective,B1,cefr_j
farewell,noun,B1,cefr_j
farming,noun,B1,cefr_j
farmland,noun,B1,cefr_j
farther,adverb,B1,cefr_j
farthest,adverb,B1,cefr_j
fascinate,verb,B1,cefr_j
fascinated,adjective,B2,cefr_j
fascinating,adjective,A2,cefr_j
fascination,noun,B2,cefr_j
fashion,noun,A2,cefr_j
fashionable,adjective,B1,cefr_j
fast food,noun,A2,cefr_j
fasten,verb,B1,cefr_j
fat,adjective,A1,cefr_j
fat,noun,B2,cefr_j
fatal,adjective,B2,cefr_j
fault,noun,A2,cefr_j
faulty,adjective,B2,cefr_j
favor/favour,noun,A2,cefr_j
favorable/favourable,adjective,B1,cefr_j
favorite/favourite,adjective,A1,cefr_j
favorite/favourite,noun,A1,cefr_j
fax,noun,B1,cefr_j
fax,verb,B1,cefr_j
fearsome,adjective,B2,cefr_j
fed up,adjective,B2,cefr_j
federal,adjective,B2,cefr_j
fee,noun,A2,cefr_j
feedback,noun,B2,cefr_j
feeling,noun,A1,cefr_j
fellow,adjective,B2,cefr_j
fellow,noun,B1,cefr_j
fence,noun,A2,cefr_j
ferry,noun,B1,cefr_j
ferryboat,noun,B2,cefr_j
festive,adjective,B1,cefr_j
fetch,verb,B1,cefr_j
fever,noun,A1,cefr_j
feverishly,adverb,B1,cefr_j
fiber/fibre,noun,B2,cefr_j
fierce,adjective,B2,cefr_j
fifteen,number,A1,cefr_j
fifty,number,A1,cefr_j
fighting,noun,B2,cefr_j
figurative,adjective,B2,cefr_j
filial,adjective,B2,cefr_j
fill,verb,A1,cefr_j
filling,noun,B1,cefr_j
film,noun,A2,cefr_j
film,verb,B1,cefr_j
film-maker,noun,B1,cefr_j
filter,noun,B1,cefr_j
finally,adverb,A2,cefr_j
finance,noun,B2,cefr_j
finance,verb,B1,cefr_j
financially,adverb,B2,cefr_j
finding,noun,B1,cefr_j
fine,adjective,A1,cefr_j
fine,adverb,B2,cefr_j
fine,noun,B1,cefr_j
fine,verb,B2,cefr_j
finely,adverb,B2,cefr_j
fire brigade,noun,B2,cefr_j
fire station,noun,B1,cefr_j
fireplace,noun,B2,cefr_j
firework,noun,B1,cefr_j
firm,adjective,B1,cefr_j
firm,noun,B1,cefr_j
firmly,adverb,B1,cefr_j
firmness,noun,B2,cefr_j
first floor,noun,B1,cefr_j
first lady,noun,B1,cefr_j
first language,noun,B2,cefr_j
first person,noun,B2,cefr_j
first-floor,adjective,B1,cefr_j
firstly,adverb,B2,cefr_j
fisherman,noun,A2,cefr_j
fishing,noun,A1,cefr_j
fitness,noun,B1,cefr_j
five,number,A1,cefr_j
fix,noun,A2,cefr_j
fix,verb,B1,cefr_j
fixed,adjective,B2,cefr_j
flap,verb,B2,cefr_j
flavor/flavour,noun,B1,cefr_j
flaw,noun,B2,cefr_j
flawless,adjective,B2,cefr_j
flax,noun,B2,cefr_j
fleet,noun,B2,cefr_j
flexibility,noun,B2,cefr_j
flexible,adjective,B2,cefr_j
flexibly,adverb,B2,cefr_j
flip,verb,B2,cefr_j
fluency,noun,B2,cefr_j
fluent,adjective,B1,cefr_j
fluently,adverb,B1,cefr_j
flunk,verb,B1,cefr_j
flutter,noun,B2,cefr_j
foggy,adjective,A1,cefr_j
fold,noun,B1,cefr_j
fold,verb,B1,cefr_j
folder,noun,A2,cefr_j
folk,noun,B1,cefr_j
follow,verb,A2,cefr_j
folly,noun,B2,cefr_j
fond,adjective,B1,cefr_j
fondly,adverb,B2,cefr_j
fondness,noun,B1,cefr_j
foolish,adjective,B1,cefr_j
foolishly,adverb,B2,cefr_j
footballer,noun,A2,cefr_j
footnote,noun,B2,cefr_j
forcefully,adverb,B2,cefr_j
forehead,noun,B1,cefr_j
foreign,adjective,A1,cefr_j
foreigner,noun,A1,cefr_j
foreman,noun,B2,cefr_j
forestry,noun,B2,cefr_j
formal,adjective,B1,cefr_j
formally,adverb,B1,cefr_j
format,noun,B1,cefr_j
format,verb,B1,cefr_j
formation,noun,B2,cefr_j
formerly,adverb,B2,cefr_j
formidable,adjective,B2,cefr_j
forth,adverb,B1,cefr_j
forthcoming,adjective,B2,cefr_j
fortunate,adjective,B1,cefr_j
fortunately,adverb,A2,cefr_j
forty,number,A1,cefr_j
forward,adverb,A2,cefr_j
foul,adjective,B2,cefr_j
foundation,noun,B1,cefr_j
four,number,A1,cefr_j
fourteen,number,A1,cefr_j
fragment,noun,B1,cefr_j
fragrance,noun,B2,cefr_j
frame,noun,A2,cefr_j
frame,verb,B2,cefr_j
frank,adjective,A2,cefr_j
frankly,adverb,B2,cefr_j
frantically,adverb,B2,cefr_j
fraud,noun,B2,cefr_j
freak,verb,B2,cefr_j
freedom,noun,A2,cefr_j
freely,adverb,B1,cefr_j
freezer,noun,B1,cefr_j
freezing,adjective,B1,cefr_j
frequent,adjective,B1,cefr_j
frequently,adverb,B1,cefr_j
freshman,noun,B1,cefr_j
fridge,noun,A2,cefr_j
fried,adjective,A2,cefr_j
friendliness,noun,B1,cefr_j
friendship,noun,A2,cefr_j
frigate,noun,B2,cefr_j
fright,noun,B1,cefr_j
frighten,verb,A2,cefr_j
frightened,adjective,A2,cefr_j
frightening,adjective,A2,cefr_j
frontier,noun,B2,cefr_j
frugal,adjective,B2,cefr_j
frustrated,adjective,B1,cefr_j
frustration,noun,B1,cefr_j
fry,noun,A2,cefr_j
fry,verb,B1,cefr_j
frying pan,noun,B1,cefr_j
fulfill/fulfil,verb,B2,cefr_j
full-time,adjective,B1,cefr_j
full-time,adverb,B1,cefr_j
fully,adverb,A2,cefr_j
fume,noun,B2,cefr_j
fun,adjective,A1,cefr_j
fun,noun,A1,cefr_j
functional,adjective,B2,cefr_j
functionality,noun,B2,cefr_j
fund,noun,B1,cefr_j
fund,verb,B1,cefr_j
fundamental,adjective,B2,cefr_j
funk,noun,B2,cefr_j
funky,adjective,B2,cefr_j
funny,adjective,A1,cefr_j
fur,noun,B1,cefr_j
furious,adjective,B2,cefr_j
furiously,adverb,B2,cefr_j
furnish,verb,B1,cefr_j
furniture,noun,A2,cefr_j
furor/furore,noun,B2,cefr_j
further,adjective,A2,cefr_j
further,adverb,B1,cefr_j
furthermore,adverb,B1,cefr_j
furthest,adverb,B1,cefr_j
gaiety,noun,B2,cefr_j
gall,noun,B1,cefr_j
gallery,noun,A2,cefr_j
gallon,noun,B1,cefr_j
gambling,noun,B2,cefr_j
gang,noun,B2,cefr_j
gangster,noun,B2,cefr_j
gap,noun,B1,cefr_j
garage,noun,A2,cefr_j
garbage,noun,A1,cefr_j
gardener,noun,B2,cefr_j
gardening,noun,B1,cefr_j
garment,noun,B1,cefr_j
gasp,noun,B2,cefr_j
gate,noun,A2,cefr_j
gateway,noun,B2,cefr_j
gather,verb,A2,cefr_j
gaudy,adjective,B2,cefr_j
gay,adjective,B1,cefr_j
gaze,noun,B2,cefr_j
gee,interjection,B1,cefr_j
generalization/generalisation,noun,B2,cefr_j
generalize/generalise,verb,B2,cefr_j
generally,adverb,B1,cefr_j
generate,verb,B1,cefr_j
generosity,noun,B2,cefr_j
generous,adjective,B1,cefr_j
generously,adverb,B2,cefr_j
genetically,adverb,B1,cefr_j
genetics,noun,B1,cefr_j
genius,noun,B2,cefr_j
genre,noun,B2,cefr_j
gentle,adjective,A2,cefr_j
gentleman,noun,B1,cefr_j
gently,adverb,B2,cefr_j
genuine,adjective,B2,cefr_j
genuinely,adverb,B2,cefr_j
geographic,adjective,B2,cefr_j
geographical,adjective,B1,cefr_j
germ,noun,B2,cefr_j
gesture,noun,B1,cefr_j
getaway,noun,B2,cefr_j
giant,adjective,B1,cefr_j
gifted,adjective,B1,cefr_j
giggle,noun,B1,cefr_j
giveaway,noun,B2,cefr_j
glacis,noun,B2,cefr_j
glamorous/glamourous,adjective,B2,cefr_j
glance,noun,B1,cefr_j
glance,verb,B1,cefr_j
glare,noun,B2,cefr_j
gleam,noun,B2,cefr_j
glee,noun,B2,cefr_j
glide,noun,B1,cefr_j
glimpse,noun,B1,cefr_j
glint,noun,B1,cefr_j
global warming,noun,B2,cefr_j
globally,adverb,B2,cefr_j
glocal,adjective,B2,cefr_j
gloomy,adjective,B2,cefr_j
glorify,verb,B2,cefr_j
glorious,adjective,B1,cefr_j
glory,noun,B1,cefr_j
glove,noun,A2,cefr_j
glow,noun,B2,cefr_j
goalkeeper,noun,B1,cefr_j
godly,adjective,B2,cefr_j
golden,adjective,A2,cefr_j
golf,noun,A2,cefr_j
golfer,noun,B1,cefr_j
good afternoon,interjection,A1,cefr_j
good morning,interjection,A1,cefr_j
good night,interjection,A1,cefr_j
good-looking,adjective,A2,cefr_j
goodness,interjection,B1,cefr_j
goods,noun,B1,cefr_j
goodwill,noun,B2,cefr_j
gook,noun,B2,cefr_j
gorge,noun,B2,cefr_j
gorgeous,adjective,B1,cefr_j
gorilla,noun,B1,cefr_j
govern,verb,B1,cefr_j
governmental,adjective,B2,cefr_j
gown,noun,B1,cefr_j
grab,verb,B1,cefr_j
grace,noun,A2,cefr_j
graceful,adjective,B1,cefr_j
gracefulness,noun,B2,cefr_j
grade,noun,A1,cefr_j
grade,verb,B2,cefr_j
gradual,adjective,B2,cefr_j
gradually,adverb,A2,cefr_j
gram/gramme,noun,A2,cefr_j
grand,adjective,B2,cefr_j
granddad,noun,A2,cefr_j
grandma,noun,A1,cefr_j
grandpa,noun,A1,cefr_j
granny,noun,A2,cefr_j
grant,noun,B1,cefr_j
grant,verb,B1,cefr_j
graphic,adjective,B1,cefr_j
graphically,adverb,B2,cefr_j
graphics,noun,B1,cefr_j
grateful,adjective,A2,cefr_j
gratitude,noun,B1,cefr_j
grave,noun,B1,cefr_j
gravestone,noun,B2,cefr_j
gravy,noun,B1,cefr_j
gray/grey,adjective,A1,cefr_j
gray/grey,noun,A1,cefr_j
greatly,adverb,A2,cefr_j
greatness,noun,B2,cefr_j
greedy,adjective,A2,cefr_j
greenhouse,noun,B1,cefr_j
greet,verb,A1,cefr_j
greeting,noun,B1,cefr_j
grief,noun,B2,cefr_j
grieve,verb,B2,cefr_j
grill,noun,B1,cefr_j
grill,verb,B1,cefr_j
grilled,adjective,A2,cefr_j
grim,adjective,B2,cefr_j
grin,noun,B2,cefr_j
grip,noun,B2,cefr_j
grip,verb,B2,cefr_j
grocery store,noun,A2,cefr_j
gross,adjective,B2,cefr_j
ground floor,noun,B1,cefr_j
grouping,noun,B1,cefr_j
growing,adjective,B2,cefr_j
grown-up,adjective,B2,cefr_j
grown-up,noun,B2,cefr_j
guarantee,noun,B1,cefr_j
guarantee,verb,B2,cefr_j
guerrilla,noun,B2,cefr_j
guidance,noun,B1,cefr_j
guidebook,noun,A2,cefr_j
guideline,noun,B2,cefr_j
guilt,noun,B1,cefr_j
guilty,adjective,B1,cefr_j
gulp,noun,B2,cefr_j
gum,noun,B2,cefr_j
guy,noun,A1,cefr_j
gymnastic,adjective,B2,cefr_j
gymnastics,noun,B1,cefr_j
habitant,noun,B2,cefr_j
had,have-verb,A1,cefr_j
hail,verb,B2,cefr_j
haircut,noun,A1,cefr_j
hairdresser,noun,B1,cefr_j
hairdryer,noun,B1,cefr_j
hairy,adjective,B2,cefr_j
half,determiner,A2,cefr_j
half,pronoun,A2,cefr_j
half-price,adjective,A2,cefr_j
half-price,adverb,A2,cefr_j
hall,noun,A1,cefr_j
handbag,noun,A2,cefr_j
handball,noun,B1,cefr_j
handicapped,adjective,A2,cefr_j
handrail,noun,B2,cefr_j
handshake,noun,B1,cefr_j
handwriting,noun,B1,cefr_j
hanging,adjective,B1,cefr_j
happily,adverb,A2,cefr_j
harbor/harbour,noun,B1,cefr_j
hard drive,noun,B2,cefr_j
hardly,adverb,A2,cefr_j
hardship,noun,B1,cefr_j
hard-working,adjective,B1,cefr_j
harm,noun,B2,cefr_j
harm,verb,A2,cefr_j
harmful,adjective,A2,cefr_j
harmless,adjective,B2,cefr_j
harmony,noun,A2,cefr_j
harness,noun,B1,cefr_j
harrow,noun,B2,cefr_j
harvest,noun,A2,cefr_j
has,have-verb,A1,cefr_j
hastily,adverb,B2,cefr_j
hat,noun,A1,cefr_j
hatching,noun,B2,cefr_j
hate,noun,B1,cefr_j
hate,verb,A2,cefr_j
hatred,noun,B1,cefr_j
haunting,adjective,B2,cefr_j
have,have-verb,A1,cefr_j
have to,modal auxiliary,A1,cefr_j
haven,noun,B1,cefr_j
hazard,noun,B1,cefr_j
hazardous,adjective,B2,cefr_j
headline,noun,B1,cefr_j
headphone,noun,A2,cefr_j
headquarters,noun,B2,cefr_j
headteacher,noun,A2,cefr_j
heal,verb,B1,cefr_j
healing,adjective,B1,cefr_j
health,noun,A1,cefr_j
health care,noun,B2,cefr_j
healthy,adjective,A1,cefr_j
heap,noun,B2,cefr_j
heap,verb,B2,cefr_j
hearing,noun,B1,cefr_j
heart attack,noun,B1,cefr_j
heartbreaking,adjective,B2,cefr_j
hearted,adjective,B1,cefr_j
heartwarming/heart-warming,adjective,B2,cefr_j
hearty,adjective,B1,cefr_j
heavenly,adjective,B1,cefr_j
heavily,adverb,A2,cefr_j
hedge,noun,B2,cefr_j
helmet,noun,B1,cefr_j
helper,noun,B2,cefr_j
helpful,adjective,A2,cefr_j
helpless,adjective,B1,cefr_j
hemp,noun,B2,cefr_j
herd,noun,B1,cefr_j
heritage,noun,B2,cefr_j
hero,noun,A2,cefr_j
hesitate,verb,B1,cefr_j
hesitation,noun,B2,cefr_j
high school,noun,A2,cefr_j
highlight,noun,B2,cefr_j
highlight,verb,B1,cefr_j
highly,adverb,B1,cefr_j
high-tech/hi-tech,adjective,B2,cefr_j
hijack,noun,B2,cefr_j
hijack,verb,B2,cefr_j
hike,noun,A2,cefr_j
hiking,noun,A2,cefr_j
hill,noun,A1,cefr_j
hint,noun,B2,cefr_j
hip,noun,B1,cefr_j
hip hop/hip-hop/hiphop,noun,A2,cefr_j
hire,verb,B1,cefr_j
historian,noun,B1,cefr_j
holder,noun,B2,cefr_j
holiday,noun,A1,cefr_j
hollow,adjective,B2,cefr_j
holocaust,noun,B2,cefr_j
homeless,adjective,B1,cefr_j
hometown,noun,A1,cefr_j
homeward,adjective,B2,cefr_j
homework,noun,A1,cefr_j
hone,noun,B2,cefr_j
honest,adjective,B1,cefr_j
honestly,adverb,B1,cefr_j
honesty,noun,B1,cefr_j
honeymoon,noun,B1,cefr_j
honor/honour,noun,A2,cefr_j
honor/honour,verb,B2,cefr_j
honorable/honourable,adjective,B2,cefr_j
hood,noun,B2,cefr_j
hope,noun,A1,cefr_j
hope,verb,B1,cefr_j
hopeful,adjective,B1,cefr_j
hopefully,adverb,B1,cefr_j
hopeless,adjective,B1,cefr_j
horizon,noun,B1,cefr_j
horrible,adjective,B1,cefr_j
horrify,verb,B1,cefr_j
horror,noun,A2,cefr_j
horse,noun,A1,cefr_j
hospice,noun,B2,cefr_j
hospitable,adjective,B2,cefr_j
hospitality,noun,B2,cefr_j
hospitalize/hospitalise,verb,B2,cefr_j
hostel,noun,B1,cefr_j
hotel,noun,A1,cefr_j
hourly,adjective,B2,cefr_j
household,noun,B1,cefr_j
housekeeper,noun,B2,cefr_j
housemaster,noun,B2,cefr_j
housewife,noun,B2,cefr_j
housework,noun,B1,cefr_j
hover,verb,B2,cefr_j
hug,noun,B2,cefr_j
hug,verb,A2,cefr_j
huge,adjective,B1,cefr_j
hugely,adverb,B2,cefr_j
human rights,noun,B2,cefr_j
humane,adjective,B2,cefr_j
humanist,noun,B2,cefr_j
humanity,noun,B1,cefr_j
humanize/humanise,verb,B2,cefr_j
humble,adjective,B2,cefr_j
humbug,noun,B2,cefr_j
humiliate,verb,B2,cefr_j
humiliating,adjective,B2,cefr_j
humiliation,noun,B2,cefr_j
humor/humour,noun,B1,cefr_j
humorous,adjective,B1,cefr_j
hundred,number,A2,cefr_j
hunger,noun,B1,cefr_j
hunter,noun,A2,cefr_j
hunting,noun,B2,cefr_j
hurriedly,adverb,B1,cefr_j
hush,verb,B2,cefr_j
hygiene,noun,B2,cefr_j
ice hockey,noun,B1,cefr_j
ice skating,noun,B1,cefr_j
iceman,noun,B2,cefr_j
icy,adjective,B2,cefr_j
ideally,adverb,B2,cefr_j
identical,adjective,B2,cefr_j
identity,noun,B1,cefr_j
identity card,noun,B1,cefr_j
ideology,noun,B2,cefr_j
idle,adjective,B2,cefr_j
idol,noun,B1,cefr_j
idolize/idolise,verb,B2,cefr_j
ignorance,noun,B2,cefr_j
ignorant,adjective,B2,cefr_j
ill,adjective,A2,cefr_j
illegal,adjective,A2,cefr_j
illegally,adverb,B1,cefr_j
illness,noun,B1,cefr_j
illuminate,verb,B1,cefr_j
illustrate,verb,B2,cefr_j
illustration,noun,B2,cefr_j
imagery,noun,B2,cefr_j
imaginary,adjective,B1,cefr_j
imagination,noun,A2,cefr_j
imagine,verb,A1,cefr_j
imitate,verb,B1,cefr_j
imitation,noun,B2,cefr_j
immediate,adjective,B1,cefr_j
immediately,adverb,B1,cefr_j
immerse,verb,B2,cefr_j
immigrant,noun,B2,cefr_j
immigrate,verb,B1,cefr_j
immigration,noun,B1,cefr_j
immoral,adjective,B2,cefr_j
immortal,adjective,B2,cefr_j
immortality,noun,B2,cefr_j
impair,verb,B1,cefr_j
impartial,adjective,B2,cefr_j
impatient,adjective,A2,cefr_j
impatiently,adverb,B2,cefr_j
impermanent,adjective,B2,cefr_j
implement,noun,B2,cefr_j
implement,verb,B2,cefr_j
implication,noun,B2,cefr_j
impolite,adjective,B2,cefr_j
impolitely,adverb,B2,cefr_j
importance,noun,A2,cefr_j
importantly,adverb,A2,cefr_j
impossibility,noun,B2,cefr_j
impossible,adjective,A2,cefr_j
impractical,adjective,B2,cefr_j
impress,verb,A2,cefr_j
impressed,adjective,B2,cefr_j
impression,noun,B1,cefr_j
impressionism,noun,B2,cefr_j
impressionist,noun,B2,cefr_j
impressive,adjective,B1,cefr_j
imprison,verb,B2,cefr_j
imprisonment,noun,B2,cefr_j
improbable,adjective,B2,cefr_j
improper,adjective,B1,cefr_j
improperly,adverb,B2,cefr_j
improve,verb,A2,cefr_j
improved,adjective,B2,cefr_j
improvement,noun,B1,cefr_j
impulse,noun,B2,cefr_j
impulsive,adjective,B2,cefr_j
inaccurate,adjective,B2,cefr_j
inadequate,adjective,B2,cefr_j
inanimate,adjective,B2,cefr_j
inborn,adjective,B2,cefr_j
incentive,noun,B2,cefr_j
incident,noun,B1,cefr_j
including,preposition,B1,cefr_j
income,noun,B1,cefr_j
inconvenient,adjective,B1,cefr_j
incorrect,adjective,B1,cefr_j
increasingly,adverb,B1,cefr_j
incredible,adjective,B1,cefr_j
incredibly,adverb,B1,cefr_j
incur,verb,B2,cefr_j
incurable,adjective,B2,cefr_j
indebted,adjective,B2,cefr_j
indeed,adverb,A2,cefr_j
indent,verb,B2,cefr_j
independence,noun,A2,cefr_j
independently,adverb,B2,cefr_j
indescribable,adjective,B2,cefr_j
indicate,verb,A2,cefr_j
indifferent,adjective,B2,cefr_j
indignity,noun,B2,cefr_j
indirect,adjective,B1,cefr_j
indirectly,adverb,B1,cefr_j
indispensable,adjective,B2,cefr_j
indoor,adjective,A2,cefr_j
indoors,adverb,B1,cefr_j
indulgent,adjective,B2,cefr_j
industrialize/industrialise,verb,B2,cefr_j
industry,noun,B1,cefr_j
ineffective,adjective,B2,cefr_j
inert,adjective,B2,cefr_j
inexpensive,adjective,A2,cefr_j
inexperienced,adjective,B2,cefr_j
infant,noun,B2,cefr_j
infect,verb,B2,cefr_j
infected,adjective,B2,cefr_j
infection,noun,B1,cefr_j
infectious,adjective,B2,cefr_j
inference,noun,B2,cefr_j
inflammation,noun,B2,cefr_j
inflammatory,adjective,B2,cefr_j
inflate,verb,B2,cefr_j
influential,adjective,B2,cefr_j
inform,verb,B1,cefr_j
informal,adjective,B2,cefr_j
informative,adjective,B1,cefr_j
infringe,verb,B2,cefr_j
infringement,noun,B2,cefr_j
ingredient,noun,B1,cefr_j
inhabit,verb,B2,cefr_j
inhabitant,noun,B1,cefr_j
inhale,verb,B1,cefr_j
initial,adjective,B2,cefr_j
initial,noun,B1,cefr_j
initially,adverb,B1,cefr_j
initiative,noun,B2,cefr_j
inject,verb,B1,cefr_j
injection,noun,B2,cefr_j
injured,adjective,B2,cefr_j
injury,noun,B1,cefr_j
innate,adjective,B2,cefr_j
inner,adjective,A2,cefr_j
innermost,adjective,B1,cefr_j
innocent,adjective,B1,cefr_j
innocently,adverb,B2,cefr_j
innovation,noun,B2,cefr_j
innovative,adjective,B2,cefr_j
innovator,noun,B1,cefr_j
inquire/enquire,verb,B2,cefr_j
inquiry/enquiry,noun,B1,cefr_j
insane,adjective,B1,cefr_j
inscribe,verb,B1,cefr_j
inscription,noun,B1,cefr_j
inseparable,adjective,B2,cefr_j
inside,adjective,B2,cefr_j
inside,adverb,A2,cefr_j
inside,noun,B2,cefr_j
inside,preposition,A1,cefr_j
insight,noun,B1,cefr_j
insist,verb,B1,cefr_j
inspect,verb,B2,cefr_j
inspection,noun,B1,cefr_j
inspector,noun,B2,cefr_j
inspiration,noun,A2,cefr_j
inspirational,adjective,B2,cefr_j
inspire,verb,B1,cefr_j
install/instal,verb,B1,cefr_j
instance,noun,B1,cefr_j
instant,adjective,A2,cefr_j
instantly,adverb,B2,cefr_j
instead,adverb,A2,cefr_j
instead of,preposition,B1,cefr_j
instill/instil,verb,B2,cefr_j
instinct,noun,B2,cefr_j
institute,noun,B1,cefr_j
institution,noun,B2,cefr_j
instruct,verb,B2,cefr_j
instruction,noun,B1,cefr_j
instructor,noun,B1,cefr_j
insufficient,adjective,B2,cefr_j
insult,noun,B2,cefr_j
insult,verb,B2,cefr_j
insurance,noun,B1,cefr_j
integrate,verb,B2,cefr_j
intellectual,adjective,B2,cefr_j
intellectual,noun,B2,cefr_j
intelligence,noun,A2,cefr_j
intend,verb,B1,cefr_j
intense,adjective,B1,cefr_j
intention,noun,B1,cefr_j
intentionally,adverb,B1,cefr_j
interact,verb,B1,cefr_j
interaction,noun,B1,cefr_j
interactive,adjective,B2,cefr_j
interested,adjective,A1,cefr_j
interesting,adjective,A1,cefr_j
interfere,verb,B2,cefr_j
intermediate,adjective,B1,cefr_j
international,adjective,A2,cefr_j
internationally,adverb,B1,cefr_j
Internet/internet,noun,A1,cefr_j
interpersonal,adjective,B2,cefr_j
interpret,verb,B2,cefr_j
interpretation,noun,B2,cefr_j
interrupt,verb,B1,cefr_j
interruption,noun,B2,cefr_j
interview,noun,A1,cefr_j
interview,verb,B1,cefr_j
interviewee,noun,B1,cefr_j
interviewer,noun,A1,cefr_j
intimate,adjective,B2,cefr_j
into,preposition,A1,cefr_j
intransitive,adjective,B2,cefr_j
intravenous,adjective,B2,cefr_j
introduce,verb,A1,cefr_j
introduction,noun,B1,cefr_j
intrude,verb,B2,cefr_j
intruder,noun,B2,cefr_j
intrusion,noun,B2,cefr_j
invade,verb,A2,cefr_j
invariably,adverb,B2,cefr_j
invasion,noun,B1,cefr_j
invention,noun,A2,cefr_j
inventor,noun,B2,cefr_j
inverted commas,noun,B2,cefr_j
investigation,noun,B1,cefr_j
investigator,noun,B2,cefr_j
invitation,noun,B1,cefr_j
invite,verb,A2,cefr_j
invitingly,adverb,B2,cefr_j
invoke,verb,B2,cefr_j
involuntarily,adverb,B1,cefr_j
involve,verb,B1,cefr_j
involved,adjective,B1,cefr_j
involvement,noun,B2,cefr_j
ironically,adverb,B2,cefr_j
ironing,noun,B1,cefr_j
irresistible,adjective,B2,cefr_j
irresistibly,adverb,B2,cefr_j
irresponsible,adjective,B2,cefr_j
irritate,verb,B1,cefr_j
irritated,adjective,B2,cefr_j
irritating,adjective,B2,cefr_j
irritation,noun,B2,cefr_j
is,be-verb,A1,cefr_j
islander,noun,B2,cefr_j
isle,noun,B1,cefr_j
isolation,noun,B1,cefr_j
issue,noun,A2,cefr_j
issue,verb,B2,cefr_j
italicize/italicise,verb,B2,cefr_j
itch,verb,B2,cefr_j
item,noun,A1,cefr_j
jacket,noun,A1,cefr_j
jade,noun,B1,cefr_j
jail/gaol,noun,B1,cefr_j
jar,noun,B1,cefr_j
jazz,noun,B1,cefr_j
jealous,adjective,B1,cefr_j
jealously,adverb,B2,cefr_j
jeans,noun,A1,cefr_j
jeopardize/jeopardise,verb,B2,cefr_j
jeweler/jeweller,noun,B2,cefr_j
jewelry/jewellery,noun,A1,cefr_j
jog,noun,B2,cefr_j
jog,verb,B1,cefr_j
jogging,noun,B1,cefr_j
joint,adjective,B1,cefr_j
joint,noun,B2,cefr_j
joke,noun,A2,cefr_j
joke,verb,B1,cefr_j
journal,noun,B1,cefr_j
journalism,noun,B2,cefr_j
journalist,noun,B1,cefr_j
judgment/judgement,noun,B1,cefr_j
jug,noun,B1,cefr_j
juicy,adjective,B1,cefr_j
jumper,noun,B1,cefr_j
jungle,noun,B1,cefr_j
junior,adjective,A2,cefr_j
junk,noun,A2,cefr_j
junk food,noun,B2,cefr_j
juror,noun,B2,cefr_j
jury,noun,B2,cefr_j
justice,noun,B1,cefr_j
justify,verb,B2,cefr_j
karaoke,noun,B2,cefr_j
keeper,noun,B2,cefr_j
kettle,noun,B1,cefr_j
keystroke,noun,B2,cefr_j
killing,noun,B1,cefr_j
kilogram/kilogramme,noun,A2,cefr_j
kilometer/kilometre,noun,A2,cefr_j
kindly,adjective,A2,cefr_j
kindly,adverb,B1,cefr_j
kindness,noun,B1,cefr_j
kit,noun,A2,cefr_j
kitchen,noun,A1,cefr_j
kite,noun,A1,cefr_j
knowingly,adverb,B2,cefr_j
lab,noun,B1,cefr_j
labor/labour,noun,A2,cefr_j
laboratory,noun,B1,cefr_j
laborer/labourer,noun,B2,cefr_j
lack,noun,A2,cefr_j
lack,verb,B2,cefr_j
ladder,noun,B1,cefr_j
lame,adjective,B2,cefr_j
lamp,noun,A2,cefr_j
lance,noun,B2,cefr_j
landing,noun,B2,cefr_j
landlady,noun,B2,cefr_j
landlord,noun,B1,cefr_j
landscape,noun,A2,cefr_j
landslide,noun,B2,cefr_j
lap,noun,B2,cefr_j
laptop,noun,B2,cefr_j
large,adjective,A1,cefr_j
largely,adverb,B1,cefr_j
last,pronoun,A2,cefr_j
last minute,noun,B2,cefr_j
lasting,adjective,B1,cefr_j
lastly,adverb,B2,cefr_j
last-minute,adjective,B2,cefr_j
late,adjective,A1,cefr_j
late,adverb,A1,cefr_j
latecomer,noun,B1,cefr_j
lately,adverb,B1,cefr_j
later,adjective,B2,cefr_j
later,adverb,A1,cefr_j
latest,adjective,A2,cefr_j
latter,adjective,B2,cefr_j
latter,adverb,A2,cefr_j
latter,pronoun,A2,cefr_j
lawful,adjective,B1,cefr_j
lawmaker,noun,B2,cefr_j
lawn,noun,B2,cefr_j
lawsuit,noun,B2,cefr_j
layabout,noun,B2,cefr_j
layer,noun,B1,cefr_j
laziness,noun,A2,cefr_j
lazy,adjective,A1,cefr_j
leadership,noun,B1,cefr_j
leading,adjective,B1,cefr_j
leak,noun,B2,cefr_j
leak,verb,B2,cefr_j
learner,noun,A2,cefr_j
learning,noun,B2,cefr_j
lease,noun,B2,cefr_j
leash,noun,B2,cefr_j
lecture,noun,B1,cefr_j
lecturer,noun,B2,cefr_j
leek,noun,B2,cefr_j
left-hand,adjective,A2,cefr_j
legally,adverb,B1,cefr_j
legendary,adjective,B2,cefr_j
legislate,verb,B2,cefr_j
legislation,noun,B2,cefr_j
legislative,adjective,B2,cefr_j
legislator,noun,B2,cefr_j
legislature,noun,B2,cefr_j
legitimate,adjective,B2,cefr_j
leisure,noun,A2,cefr_j
leisurely,adverb,B2,cefr_j
lengthen,verb,B2,cefr_j
lengthy,adjective,B2,cefr_j
less,pronoun,A2,cefr_j
lessen,verb,B1,cefr_j
lesson,noun,A1,cefr_j
lest,conjunction,B2,cefr_j
lettuce,noun,B1,cefr_j
level,adjective,B1,cefr_j
level,noun,A2,cefr_j
level,verb,B2,cefr_j
liberate,verb,B1,cefr_j
liberation,noun,B1,cefr_j
liberty,noun,A2,cefr_j
librarian,noun,B1,cefr_j
license/licence,verb,A2,cefr_j
lick,verb,B2,cefr_j
lifeguard,noun,B1,cefr_j
lifeless,adjective,B2,cefr_j
lifelong,adjective,B1,cefr_j
lifestyle,noun,A2,cefr_j
lighten,verb,B2,cefr_j
lighter,noun,B1,cefr_j
lighting,noun,B2,cefr_j
lightly,adverb,B1,cefr_j
like,conjunction,B1,cefr_j
like,preposition,A1,cefr_j
like,verb,A1,cefr_j
likely,adjective,A2,cefr_j
likeness,noun,B1,cefr_j
likewise,adverb,B2,cefr_j
lily,noun,A1,cefr_j
limit,noun,B1,cefr_j
limit,verb,B1,cefr_j
limitation,noun,B1,cefr_j
limited,adjective,B1,cefr_j
limp,verb,B1,cefr_j
liner,noun,B2,cefr_j
ling,noun,B2,cefr_j
linger,verb,B2,cefr_j
listener,noun,B2,cefr_j
liter/litre,noun,A2,cefr_j
literal,adjective,B2,cefr_j
literally,adverb,B2,cefr_j
literary,adjective,B1,cefr_j
literature,noun,B1,cefr_j
litter,noun,B2,cefr_j
lively,adjective,A2,cefr_j
living room,noun,A1,cefr_j
load,noun,A2,cefr_j
load,verb,B2,cefr_j
loaf,noun,B1,cefr_j
lobby,noun,B2,cefr_j
lodge,noun,B1,cefr_j
logical,adjective,A2,cefr_j
logo,noun,B1,cefr_j
loneliness,noun,B2,cefr_j
lonely,adjective,A1,cefr_j
long-distance,adjective,B2,cefr_j
long-term,adjective,B2,cefr_j
loosely,adverb,B2,cefr_j
lorry,noun,B1,cefr_j
lot,adverb,A1,cefr_j
lot,noun,A2,cefr_j
lot,pronoun,A1,cefr_j
lottery,noun,B1,cefr_j
loudly,adverb,A2,cefr_j
loudspeaker,noun,B1,cefr_j
lousy,adjective,B2,cefr_j
lovely,adjective,A1,cefr_j
lover,noun,A2,cefr_j
lovingly,adverb,B1,cefr_j
lower,verb,B2,cefr_j
lowland,noun,B2,cefr_j
loyal,adjective,B1,cefr_j
loyalty,noun,B1,cefr_j
luckily,adverb,A2,cefr_j
lucky,adjective,A1,cefr_j
lucrative,adjective,B2,cefr_j
lunchtime,noun,A2,cefr_j
lush,adjective,B2,cefr_j
lyric,adjective,A2,cefr_j
lyrics,noun,B2,cefr_j
'm,be-verb,A1,cefr_j
mad,adjective,A2,cefr_j
madam,noun,B2,cefr_j
madame,noun,B2,cefr_j
madness,noun,B2,cefr_j
maestro,noun,B2,cefr_j
magical,adjective,B1,cefr_j
magnify,verb,B2,cefr_j
mailbox,noun,B1,cefr_j
main course,noun,A2,cefr_j
mainly,adverb,A2,cefr_j
maintain,verb,B1,cefr_j
majority,noun,B1,cefr_j
maker,noun,A2,cefr_j
make-up,noun,A2,cefr_j
malady,noun,B2,cefr_j
malaria,noun,B2,cefr_j
mall,noun,A2,cefr_j
mama/mamma,noun,B2,cefr_j
manage,verb,A2,cefr_j
manager,noun,A2,cefr_j
manipulate,verb,B2,cefr_j
mankind,noun,B1,cefr_j
manner,noun,A2,cefr_j
mansion,noun,B2,cefr_j
manufacture,noun,B2,cefr_j
manufacture,verb,B2,cefr_j
manufacturer,noun,B2,cefr_j
manufacturing,noun,B2,cefr_j
maple,noun,B1,cefr_j
marble,noun,B1,cefr_j
margin,noun,B2,cefr_j
marked,adjective,B1,cefr_j
marketing,noun,B2,cefr_j
marry,verb,A2,cefr_j
martial art,noun,B2,cefr_j
marvelous/marvellous,adjective,A2,cefr_j
massive,adjective,B1,cefr_j
master,noun,B2,cefr_j
masterpiece,noun,B2,cefr_j
mastery,noun,B2,cefr_j
match,noun,A1,cefr_j
match,verb,B1,cefr_j
material,noun,A2,cefr_j
math/maths,noun,A1,cefr_j
mathematical,adjective,B2,cefr_j
mathematician,noun,B1,cefr_j
mathematics,noun,B1,cefr_j
mature,adjective,B2,cefr_j
mausoleum,noun,B2,cefr_j
max,noun,A2,cefr_j
may,modal auxiliary,A1,cefr_j
maybe,adverb,A1,cefr_j
mean,adjective,A2,cefr_j
mean,noun,B2,cefr_j
mean,verb,A1,cefr_j
meaning,noun,A2,cefr_j
meaningful,adjective,B1,cefr_j
meanwhile,adverb,B1,cefr_j
measure,noun,B1,cefr_j
measure,verb,B1,cefr_j
mechanic,noun,B1,cefr_j
mechanical,adjective,B1,cefr_j
mechanize/mechanise,verb,B2,cefr_j
medal,noun,A2,cefr_j
media,noun,B2,cefr_j
medical,adjective,A2,cefr_j
medication,noun,B2,cefr_j
medieval/mediaeval,adjective,B2,cefr_j
mediocre,adjective,B2,cefr_j
meditate,verb,B1,cefr_j
meditation,noun,B1,cefr_j
member,noun,A2,cefr_j
membership,noun,B1,cefr_j
memorable,adjective,B1,cefr_j
memorial,noun,B2,cefr_j
memorize/memorise,verb,B1,cefr_j
mend,verb,B1,cefr_j
mentally,adverb,B1,cefr_j
mention,noun,A2,cefr_j
mention,verb,B1,cefr_j
mentor,noun,B2,cefr_j
merchant,noun,B1,cefr_j
mercy,noun,B2,cefr_j
mere,adjective,B1,cefr_j
merely,adverb,B1,cefr_j
merge,verb,B2,cefr_j
merry,adjective,A1,cefr_j
mess,noun,B1,cefr_j
mess,verb,B2,cefr_j
message,noun,A1,cefr_j
message board,noun,B1,cefr_j
messenger,noun,B2,cefr_j
messy,adjective,B1,cefr_j
meter/metre,noun,A2,cefr_j
microcomputer,noun,B2,cefr_j
micrometer/micrometre,noun,B2,cefr_j
microorganism,noun,B2,cefr_j
microphone,noun,B2,cefr_j
microscope,noun,B2,cefr_j
microscopic,adjective,B2,cefr_j
microscopy,noun,B2,cefr_j
microwave,noun,B2,cefr_j
midday,noun,A2,cefr_j
middle,adjective,A1,cefr_j
middle,noun,A2,cefr_j
middle-aged,adjective,B1,cefr_j
midst,noun,B2,cefr_j
might,modal auxiliary,A2,cefr_j
mighty,adjective,B2,cefr_j
mild,adjective,B1,cefr_j
military,adjective,A2,cefr_j
millimeter/millimetre,noun,B2,cefr_j
million,number,A2,cefr_j
millionaire,noun,B2,cefr_j
mimic,noun,B2,cefr_j
mineral,noun,B1,cefr_j
mineral water,noun,A2,cefr_j
miniature,adjective,B2,cefr_j
minimize/minimise,verb,B1,cefr_j
minority,noun,B1,cefr_j
minus,preposition,B1,cefr_j
mirror,noun,A2,cefr_j
mischief,noun,B1,cefr_j
misconception,noun,B2,cefr_j
miserable,adjective,B1,cefr_j
misery,noun,B1,cefr_j
misfortune,noun,B2,cefr_j
misleading,adjective,B2,cefr_j
Miss,noun,A1,cefr_j
miss,verb,A1,cefr_j
missile,noun,B2,cefr_j
missing,adjective,A2,cefr_j
mist,noun,B2,cefr_j
mistreat,verb,B2,cefr_j
mistrustful,adjective,B2,cefr_j
misty,adjective,B1,cefr_j
misunderstanding,noun,B1,cefr_j
mix,noun,B2,cefr_j
mix,verb,A2,cefr_j
mixing bowl,noun,B1,cefr_j
mixture,noun,B2,cefr_j
mobility,noun,B2,cefr_j
modal verb/modal,noun,B1,cefr_j
model,adjective,B1,cefr_j
model,noun,A2,cefr_j
model,verb,B1,cefr_j
moderate,adjective,B1,cefr_j
modern,adjective,A2,cefr_j
modernization/modernisation,noun,B2,cefr_j
modernize/modernise,verb,B2,cefr_j
modification,noun,B2,cefr_j
modify,verb,B1,cefr_j
mogul,noun,B2,cefr_j
mold/mould,noun,B2,cefr_j
molecule,noun,B1,cefr_j
mom,noun,A1,cefr_j
momentarily,adverb,B2,cefr_j
momentary,adjective,B2,cefr_j
mommy/mommie,noun,A1,cefr_j
monitor,noun,B1,cefr_j
monitor,verb,B1,cefr_j
monster,noun,B1,cefr_j
monument,noun,B1,cefr_j
moody,adjective,B2,cefr_j
moonlight,noun,B2,cefr_j
moonscape,noun,B2,cefr_j
moral,adjective,B2,cefr_j
moral,noun,B1,cefr_j
morality,noun,B2,cefr_j
morally,adverb,B2,cefr_j
moreover,adverb,B1,cefr_j
mortal,adjective,B2,cefr_j
mortify,verb,B2,cefr_j
moss,noun,B1,cefr_j
mostly,adverb,A2,cefr_j
motherland,noun,B1,cefr_j
motion,noun,B2,cefr_j
motionless,adjective,B1,cefr_j
motivate,verb,B1,cefr_j
motivated,adjective,B2,cefr_j
motivation,noun,B1,cefr_j
motive,noun,B1,cefr_j
motor,noun,B1,cefr_j
motorbike,noun,B2,cefr_j
motorist,noun,B2,cefr_j
motto,noun,B1,cefr_j
mount,noun,B1,cefr_j
mount,verb,B2,cefr_j
mountaintop,noun,B1,cefr_j
mournful,adjective,B2,cefr_j
move,noun,A1,cefr_j
move,verb,A2,cefr_j
movement,noun,B1,cefr_j
mover,noun,B2,cefr_j
moving,adjective,B2,cefr_j
MP3 player,noun,A2,cefr_j
Mr./Mr,noun,A1,cefr_j
Mrs./Mrs,noun,A1,cefr_j
Ms./Ms,noun,A2,cefr_j
much,adverb,A1,cefr_j
much,determiner,A1,cefr_j
much,pronoun,A1,cefr_j
mud,noun,B1,cefr_j
muddy,adjective,B2,cefr_j
multiple,adjective,B2,cefr_j
multiply,verb,B2,cefr_j
mum,noun,A1,cefr_j
mumble,noun,B2,cefr_j
mumble,verb,B2,cefr_j
murderer,noun,B1,cefr_j
murmur,noun,B2,cefr_j
muscle,noun,B1,cefr_j
museum,noun,A2,cefr_j
must,modal auxiliary,A1,cefr_j
mustache/moustache,noun,B2,cefr_j
mutability,noun,B2,cefr_j
mutable,adjective,B2,cefr_j
mutter,noun,B2,cefr_j
mutter,verb,B2,cefr_j
mutton,noun,B2,cefr_j
mutual,adjective,B1,cefr_j
mysterious,adjective,A2,cefr_j
mystery,noun,A2,cefr_j
mystify,verb,B2,cefr_j
myth,noun,B1,cefr_j
nano,noun,B2,cefr_j
nap,noun,B1,cefr_j
napkin,noun,A2,cefr_j
narcissistic,adjective,B2,cefr_j
narrate,verb,B1,cefr_j
narrative,adjective,B1,cefr_j
narrator,noun,B2,cefr_j
narrowly,adverb,B2,cefr_j
nation,noun,A2,cefr_j
national,adjective,A2,cefr_j
nationalist,noun,B1,cefr_j
nationwide,adjective,B2,cefr_j
nationwide,adverb,B2,cefr_j
native,adjective,A2,cefr_j
native speaker,noun,B2,cefr_j
naturally,adverb,B1,cefr_j
naughty,adjective,B2,cefr_j
naval,adjective,B2,cefr_j
navigate,verb,B2,cefr_j
navigation,noun,B2,cefr_j
navy blue,adjective,B1,cefr_j
nearby,adjective,B1,cefr_j
nearby,adverb,B1,cefr_j
nearly,adverb,A2,cefr_j
neat,adjective,B2,cefr_j
necessarily,adverb,B2,cefr_j
necessary,adjective,A2,cefr_j
necessity,noun,B2,cefr_j
necklace,noun,B1,cefr_j
nectar,noun,B1,cefr_j
need,modal auxiliary,A1,cefr_j
need,noun,B2,cefr_j
need,verb,A2,cefr_j
needless,adjective,B2,cefr_j
needy,adjective,B2,cefr_j
negative,adjective,A2,cefr_j
negatively,adverb,B2,cefr_j
neglect,noun,B2,cefr_j
negotiate,verb,B1,cefr_j
negotiation,noun,B1,cefr_j
neighbor/neighbour,noun,A1,cefr_j
neighborhood/neighbourhood,noun,B1,cefr_j
neighboring/neighbouring,adjective,B2,cefr_j
neither,adverb,B2,cefr_j
neither,conjunction,B2,cefr_j
neither,determiner,B2,cefr_j
neither,pronoun,B2,cefr_j
nerve,noun,B2,cefr_j
nerves,noun,B2,cefr_j
nervous,adjective,A2,cefr_j
nervously,adverb,B2,cefr_j
nervousness,noun,B1,cefr_j
ness,noun,B1,cefr_j
netsurfer/net surfer,noun,B2,cefr_j
neurosis,noun,B2,cefr_j
neutral,adjective,B1,cefr_j
nevertheless,adverb,B1,cefr_j
newborn,adjective,B1,cefr_j
newcomer,noun,B1,cefr_j
newly,adverb,B1,cefr_j
news,noun,A1,cefr_j
newscaster,noun,B2,cefr_j
newsworthy,adjective,B2,cefr_j
next,pronoun,B2,cefr_j
next door,adverb,B1,cefr_j
next to,preposition,A2,cefr_j
next-door,adjective,B1,cefr_j
nicely,adverb,B2,cefr_j
nickname,noun,B1,cefr_j
nightclub,noun,B2,cefr_j
nightlife,noun,B1,cefr_j
nightmare,noun,B2,cefr_j
nine,number,A1,cefr_j
nineteen,number,A1,cefr_j
ninety,number,A1,cefr_j
no,adverb,A1,cefr_j
no,determiner,A1,cefr_j
nobility,noun,B2,cefr_j
noble,adjective,B2,cefr_j
nod,noun,B1,cefr_j
nod,verb,B2,cefr_j
noisily,adverb,B1,cefr_j
noisy,adjective,A2,cefr_j
nomad,noun,B2,cefr_j
nomination,noun,B2,cefr_j
nominee,noun,B2,cefr_j
nonetheless,adverb,B1,cefr_j
nonprofessional,adjective,B2,cefr_j
non-smoking,adjective,B2,cefr_j
nor,conjunction,B1,cefr_j
normal,adjective,A2,cefr_j
normally,adverb,B1,cefr_j
northeastern,adjective,B1,cefr_j
northern,adjective,B1,cefr_j
northward,adverb,B2,cefr_j
northwestern,adjective,B1,cefr_j
notebook,noun,A1,cefr_j
notice,noun,A2,cefr_j
notice,verb,B1,cefr_j
noticeable,adjective,B1,cefr_j
noticeboard,noun,B1,cefr_j
notion,noun,B1,cefr_j
notorious,adjective,B1,cefr_j
nought,noun,B2,cefr_j
nourish,verb,B2,cefr_j
nourishment,noun,B2,cefr_j
novel,noun,A2,cefr_j
novelist,noun,B1,cefr_j
novelty,noun,B2,cefr_j
nowadays,adverb,A2,cefr_j
nowhere,adverb,B1,cefr_j
numerical,adjective,B2,cefr_j
numerous,adjective,B1,cefr_j
nursery,noun,B2,cefr_j
nutrient,noun,B1,cefr_j
nutritious,adjective,B1,cefr_j
nutshell,noun,B2,cefr_j
oak,noun,A2,cefr_j
oath,noun,B2,cefr_j
obedience,noun,B2,cefr_j
obedient,adjective,B2,cefr_j
obey,verb,B2,cefr_j
obituary,noun,B2,cefr_j
object,noun,B1,cefr_j
object,verb,B2,cefr_j
objection,noun,B1,cefr_j
obligation,noun,B2,cefr_j
observe,verb,B1,cefr_j
observer,noun,B2,cefr_j
obsess,verb,B2,cefr_j
obstacle,noun,B1,cefr_j
obtain,verb,B1,cefr_j
obvious,adjective,B1,cefr_j
obviously,adverb,B1,cefr_j
occasion,noun,B1,cefr_j
occasion,verb,B1,cefr_j
occasional,adjective,B1,cefr_j
occasionally,adverb,B1,cefr_j
occupy,verb,B1,cefr_j
occur,verb,B1,cefr_j
off,adjective,A1,cefr_j
off,adverb,A2,cefr_j
off,preposition,B1,cefr_j
offend,verb,B2,cefr_j
offender,noun,B2,cefr_j
offense/offence,noun,B2,cefr_j
offensive,adjective,B1,cefr_j
offhand,adverb,B2,cefr_j
office,noun,A1,cefr_j
officer,noun,A1,cefr_j
official,adjective,A2,cefr_j
official,noun,B2,cefr_j
officially,adverb,B1,cefr_j
offshore,adjective,B2,cefr_j
often,adverb,A1,cefr_j
oily,adjective,B1,cefr_j
ointment,noun,B2,cefr_j
OK/okay,adjective,A1,cefr_j
OK/okay,adverb,A1,cefr_j
old-fashioned,adjective,B1,cefr_j
olive oil,noun,A2,cefr_j
Olympia,noun,B2,cefr_j
Olympiad,noun,B2,cefr_j
Olympic,adjective,A2,cefr_j
Olympics,noun,A1,cefr_j
omelet/omelette,noun,A2,cefr_j
one,number,A1,cefr_j
only,adjective,A1,cefr_j
only,adverb,A1,cefr_j
onstage,adjective,B1,cefr_j
onto/on to,preposition,B1,cefr_j
opening,noun,B1,cefr_j
openly,adverb,B2,cefr_j
opera,noun,A1,cefr_j
operate,verb,A2,cefr_j
opponent,noun,B2,cefr_j
oppress,verb,B1,cefr_j
oppression,noun,B1,cefr_j
optimism,noun,B2,cefr_j
optimist,noun,B2,cefr_j
optimistic,adjective,B2,cefr_j
option,noun,B1,cefr_j
optional,adjective,B2,cefr_j
orator,noun,B2,cefr_j
orchestra,noun,B1,cefr_j
orchestral,adjective,B2,cefr_j
orderly,adjective,B1,cefr_j
organic,adjective,B1,cefr_j
organization/organisation,noun,B1,cefr_j
organize/organise,verb,A2,cefr_j
organized/organised,adjective,A2,cefr_j
organizer/organiser,noun,B2,cefr_j
origin,noun,B1,cefr_j
originality,noun,B2,cefr_j
originally,adverb,B2,cefr_j
originate,verb,B2,cefr_j
ornament,noun,B2,cefr_j
orphan,noun,A2,cefr_j
other,pronoun,A2,cefr_j
otherwise,adverb,B1,cefr_j
ought to,modal auxiliary,B1,cefr_j
ounce,noun,B2,cefr_j
out of,preposition,A2,cefr_j
outback,noun,B2,cefr_j
outbreak,noun,B2,cefr_j
outdistance,verb,B2,cefr_j
outdoor,adjective,B1,cefr_j
outer,adjective,B1,cefr_j
outfit,noun,B2,cefr_j
outing,noun,B2,cefr_j
outlaw,noun,B1,cefr_j
outline,noun,B2,cefr_j
outline,verb,B1,cefr_j
outlive,verb,B2,cefr_j
outlook,noun,B2,cefr_j
out-of-date,adjective,B1,cefr_j
outpatient,noun,B2,cefr_j
outrageous,adjective,B2,cefr_j
outshine,verb,B2,cefr_j
outside,adjective,B2,cefr_j
outside,adverb,A1,cefr_j
outside,noun,B2,cefr_j
outside,preposition,A2,cefr_j
outsider,noun,B2,cefr_j
outskirts,noun,B2,cefr_j
outward,adjective,B1,cefr_j
outwardly,adverb,B2,cefr_j
outweigh,verb,B1,cefr_j
oval,adjective,B2,cefr_j
oven,noun,A2,cefr_j
over,adverb,A2,cefr_j
over,preposition,A1,cefr_j
overboard,adverb,B2,cefr_j
overbook,verb,B2,cefr_j
overcoat,noun,B2,cefr_j
overemphasize/overemphasise,verb,B2,cefr_j
overestimate,verb,B2,cefr_j
overjoyed,adjective,B1,cefr_j
overlap,noun,B2,cefr_j
overlook,verb,B2,cefr_j
overly,adverb,B2,cefr_j
overnight,adjective,B1,cefr_j
overnight,adverb,B1,cefr_j
overseas,adjective,B2,cefr_j
overseas,adverb,A2,cefr_j
overshadow,verb,B2,cefr_j
oversize,adjective,B2,cefr_j
overstep,verb,B2,cefr_j
overtime,adverb,B2,cefr_j
overtime,noun,B2,cefr_j
overturn,verb,B2,cefr_j
overwhelm,verb,B1,cefr_j
overwhelming,adjective,B1,cefr_j
overwork,noun,B1,cefr_j
ow,noun,B2,cefr_j
owe,verb,B1,cefr_j
owing,adjective,B1,cefr_j
owing to,preposition,B2,cefr_j
own,pronoun,A2,cefr_j
owner,noun,A1,cefr_j
ozone,noun,B2,cefr_j
p.m./P.M./pm/PM,adverb,A1,cefr_j
pace,noun,B1,cefr_j
pacific,adjective,A2,cefr_j
pack,noun,A2,cefr_j
pack,verb,A2,cefr_j
package,noun,B1,cefr_j
packed,adjective,B2,cefr_j
packet,noun,B2,cefr_j
packing,noun,B1,cefr_j
pad,noun,B2,cefr_j
paddle,noun,B1,cefr_j
page,noun,A1,cefr_j
painful,adjective,B1,cefr_j
paintbrush,noun,B2,cefr_j
painter,noun,A2,cefr_j
painting,noun,A1,cefr_j
pajamas/pyjamas,noun,B2,cefr_j
pal,noun,A2,cefr_j
pallet,noun,B2,cefr_j
pan,noun,A2,cefr_j
pancake,noun,B2,cefr_j
pandemic,adjective,B2,cefr_j
panel,noun,B2,cefr_j
panic,noun,A2,cefr_j
panic,verb,B2,cefr_j
papaya,noun,B2,cefr_j
paperless,adjective,B2,cefr_j
paperwork,noun,B2,cefr_j
parade,noun,B2,cefr_j
paradox,noun,B2,cefr_j
paralyze/paralyse,verb,B1,cefr_j
paramedic,adjective,B2,cefr_j
paratrooper,noun,B2,cefr_j
parcel,noun,B1,cefr_j
pardon,noun,A1,cefr_j
pardon,verb,B1,cefr_j
parental,adjective,B1,cefr_j
park,noun,A1,cefr_j
park,verb,A2,cefr_j
parking,noun,B1,cefr_j
part,noun,A2,cefr_j
part,verb,B2,cefr_j
partial,adjective,B1,cefr_j
participation,noun,B2,cefr_j
particular,adjective,B2,cefr_j
particularly,adverb,B1,cefr_j
partisan,noun,B2,cefr_j
partly,adverb,A2,cefr_j
partner,noun,A1,cefr_j
partnership,noun,B2,cefr_j
part-time,adjective,B1,cefr_j
part-time,adverb,B1,cefr_j
passenger,noun,A2,cefr_j
passionate,adjective,B2,cefr_j
passionately,adverb,B2,cefr_j
passive,adjective,B1,cefr_j
past,adjective,B1,cefr_j
past,adverb,A1,cefr_j
past,preposition,A1,cefr_j
pasta,noun,A2,cefr_j
pastor,noun,B2,cefr_j
pastoral,adjective,B2,cefr_j
patch,noun,B2,cefr_j
patience,noun,B1,cefr_j
patient,adjective,B1,cefr_j
patient,noun,A2,cefr_j
patiently,adverb,B2,cefr_j
patriot,noun,B2,cefr_j
patriotic,adjective,B2,cefr_j
patriotism,noun,B2,cefr_j
patrol,noun,B1,cefr_j
patron,noun,B2,cefr_j
pave,verb,B2,cefr_j
pawnbroker,noun,B2,cefr_j
pawnshop,noun,B2,cefr_j
peaceful,adjective,A2,cefr_j
peacefully,adverb,B2,cefr_j
peak,noun,B2,cefr_j
pearl,noun,B2,cefr_j
pebble,noun,B2,cefr_j
pedal,noun,B2,cefr_j
pedestrian,noun,B2,cefr_j
peel,noun,B2,cefr_j
peel,verb,B2,cefr_j
penalize/penalise,verb,B2,cefr_j
pence,noun,A2,cefr_j
penetrate,verb,B2,cefr_j
penfriend/pen friend,noun,A2,cefr_j
penicillin,noun,B2,cefr_j
penniless,adjective,B1,cefr_j
pension,noun,B2,cefr_j
perceive,verb,B2,cefr_j
percent/per cent,noun,B1,cefr_j
percentage,noun,B2,cefr_j
perfectly,adverb,A2,cefr_j
perform,verb,A2,cefr_j
performance,noun,A2,cefr_j
performer,noun,B1,cefr_j
perhaps,adverb,A2,cefr_j
period,noun,A1,cefr_j
permanence,noun,B2,cefr_j
permanent,adjective,B1,cefr_j
permanently,adverb,B1,cefr_j
permeate,verb,B2,cefr_j
permission,noun,A2,cefr_j
permit,verb,B1,cefr_j
perseverance,noun,B2,cefr_j
persist,verb,B2,cefr_j
persistence,noun,B2,cefr_j
persistent,adjective,B2,cefr_j
personal,adjective,A1,cefr_j
personality,noun,A2,cefr_j
personally,adverb,B1,cefr_j
personification,noun,B2,cefr_j
personify,verb,B2,cefr_j
personnel,noun,B2,cefr_j
perspiration,noun,B2,cefr_j
persuade,verb,B1,cefr_j
persuasion,noun,B2,cefr_j
persuasive,adjective,B1,cefr_j
pessimist,noun,B2,cefr_j
pessimistic,adjective,B2,cefr_j
petrified,adjective,B2,cefr_j
petrol station,noun,A2,cefr_j
petty,adjective,B2,cefr_j
pH,noun,B2,cefr_j
phantom,adjective,B1,cefr_j
pharmacist,noun,B2,cefr_j
pharmacy,noun,B1,cefr_j
phase,noun,B2,cefr_j
philosopher,noun,B1,cefr_j
philosophical,adjective,B2,cefr_j
philosophy,noun,B1,cefr_j
photo,noun,A1,cefr_j
photocopy,noun,B1,cefr_j
photographer,noun,A2,cefr_j
phrasal verb,noun,B1,cefr_j
physical,adjective,A2,cefr_j
physically,adverb,A2,cefr_j
physician,noun,B2,cefr_j
pick,noun,B1,cefr_j
pick,verb,A1,cefr_j
pickle,noun,B2,cefr_j
picky,adjective,B2,cefr_j
picnic,noun,A1,cefr_j
picturesque,adjective,B2,cefr_j
piety,noun,B1,cefr_j
pile,noun,A2,cefr_j
pilgrim,noun,A2,cefr_j
pill,noun,A2,cefr_j
pillow,noun,B1,cefr_j
pillowcase,noun,B2,cefr_j
pine,noun,B2,cefr_j
piracy,noun,B2,cefr_j
pity,noun,A2,cefr_j
place,noun,A1,cefr_j
place,verb,B1,cefr_j
plague,noun,B2,cefr_j
plain,adjective,B1,cefr_j
planning,noun,B2,cefr_j
player,noun,A1,cefr_j
playful,adjective,A2,cefr_j
playground,noun,A2,cefr_j
playmate,noun,B2,cefr_j
pleasant,adjective,A2,cefr_j
pleasantly,adverb,B1,cefr_j
pleased,adjective,A2,cefr_j
pleasing,adjective,A2,cefr_j
plenty,noun,A2,cefr_j
plenty,pronoun,B1,cefr_j
plot,noun,B2,cefr_j
pluck,verb,B2,cefr_j
plug,noun,B1,cefr_j
plug,verb,B2,cefr_j
plumber,noun,B2,cefr_j
plus,conjunction,B1,cefr_j
plus,noun,B2,cefr_j
plus,preposition,A2,cefr_j
pneumonia,noun,B2,cefr_j
pocket,noun,A1,cefr_j
pocket money,noun,B1,cefr_j
poem,noun,A1,cefr_j
poet,noun,B1,cefr_j
poetry,noun,B1,cefr_j
point of view,noun,B2,cefr_j
pointless,adjective,B2,cefr_j
polar bear,noun,B2,cefr_j
police,noun,A2,cefr_j
police station,noun,A2,cefr_j
policeman,noun,A2,cefr_j
policewoman,noun,A2,cefr_j
polio,noun,B2,cefr_j
polite,adjective,A2,cefr_j
politely,adverb,B1,cefr_j
politeness,noun,B2,cefr_j
politically,adverb,B2,cefr_j
politician,noun,B1,cefr_j
polity,noun,B2,cefr_j
polo,noun,B2,cefr_j
ponder,verb,B2,cefr_j
popular,adjective,A2,cefr_j
popularity,noun,B2,cefr_j
popularize/popularise,verb,B2,cefr_j
population,noun,A2,cefr_j
porch,noun,B2,cefr_j
pork,noun,B1,cefr_j
portion,noun,B2,cefr_j
portrait,noun,A2,cefr_j
pose,noun,B2,cefr_j
position,noun,A2,cefr_j
positive,adjective,B1,cefr_j
positively,adverb,B1,cefr_j
possess,verb,B1,cefr_j
possessed,adjective,B2,cefr_j
possession,noun,B1,cefr_j
possessive,adjective,B1,cefr_j
possibility,noun,B1,cefr_j
possible,adjective,A2,cefr_j
possibly,adverb,A2,cefr_j
post,noun,A1,cefr_j
post,verb,A2,cefr_j
post office,noun,A2,cefr_j
postal,adjective,B2,cefr_j
postcard,noun,B1,cefr_j
poster,noun,A1,cefr_j
postman,noun,B1,cefr_j
postpone,verb,B2,cefr_j
potent,adjective,B2,cefr_j
potential,adjective,B2,cefr_j
potential,noun,B1,cefr_j
potentially,adverb,B2,cefr_j
pottery,noun,B1,cefr_j
poverty,noun,B1,cefr_j
powerfully,adverb,B2,cefr_j
practicality,noun,B2,cefr_j
practically,adverb,B2,cefr_j
practice,noun,A1,cefr_j
practice/practise,verb,A1,cefr_j
prance,noun,B2,cefr_j
pray,verb,A1,cefr_j
prayer,noun,B1,cefr_j
precede,verb,B2,cefr_j
precious,adjective,B1,cefr_j
precisely,adverb,B2,cefr_j
predicament,noun,B2,cefr_j
predicative,adjective,B2,cefr_j
predict,verb,A2,cefr_j
predictable,adjective,B2,cefr_j
prediction,noun,A2,cefr_j
predictive,adjective,B2,cefr_j
predictor,noun,B2,cefr_j
prefect,noun,B2,cefr_j
prefer,verb,A2,cefr_j
preferable,adjective,B2,cefr_j
preferably,adverb,B2,cefr_j
pregnant,adjective,B1,cefr_j
prehistoric,adjective,B2,cefr_j
prehuman,noun,B2,cefr_j
preindustrial,adjective,B2,cefr_j
prejudge,verb,B2,cefr_j
prejudice,noun,B1,cefr_j
preliminary,adjective,B2,cefr_j
preoccupy,verb,B2,cefr_j
preparation,noun,B1,cefr_j
prepare,verb,A2,cefr_j
prepared,adjective,B1,cefr_j
preschool,adjective,B1,cefr_j
prescription,noun,B1,cefr_j
presence,noun,B1,cefr_j
present,adjective,B1,cefr_j
present,noun,A1,cefr_j
present,verb,B2,cefr_j
presentation,noun,B1,cefr_j
presenter,noun,B2,cefr_j
preservation,noun,B1,cefr_j
preserve,verb,B1,cefr_j
presidency,noun,B2,cefr_j
presidential,adjective,B2,cefr_j
press,noun,B1,cefr_j
press,verb,B1,cefr_j
prestigious,adjective,B2,cefr_j
presumably,adverb,B2,cefr_j
pretend,adjective,B2,cefr_j
pretend,verb,A2,cefr_j
prevail,verb,B2,cefr_j
prevent,verb,A2,cefr_j
prevention,noun,B2,cefr_j
preventive,adjective,B2,cefr_j
previous,adjective,B1,cefr_j
previously,adverb,B2,cefr_j
priceless,adjective,B2,cefr_j
pride,noun,A2,cefr_j
primarily,adverb,B1,cefr_j
primary school,noun,B1,cefr_j
prime,adjective,B2,cefr_j
primitive,adjective,B1,cefr_j
principal,adjective,A2,cefr_j
principal,noun,B2,cefr_j
principle,noun,B1,cefr_j
print,noun,B1,cefr_j
print,verb,A2,cefr_j
printer,noun,A2,cefr_j
prior,adjective,B2,cefr_j
priority,noun,B2,cefr_j
prison,noun,B1,cefr_j
prisoner,noun,B1,cefr_j
privately,adverb,B2,cefr_j
privilege,noun,B2,cefr_j
prize,noun,B1,cefr_j
pro,noun,A2,cefr_j
probability,noun,B1,cefr_j
probable,adjective,B2,cefr_j
probably,adverb,A2,cefr_j
probe,noun,B2,cefr_j
procedure,noun,B2,cefr_j
proceed,verb,B1,cefr_j
proclaim,verb,B1,cefr_j
production,noun,A2,cefr_j
productive,adjective,B1,cefr_j
profession,noun,B1,cefr_j
professional,adjective,A2,cefr_j
professional,noun,B2,cefr_j
professor,noun,B1,cefr_j
profitable,adjective,B2,cefr_j
program/programme,noun,A1,cefr_j
program/programme,verb,B1,cefr_j
programmer,noun,B2,cefr_j
programming,noun,B2,cefr_j
progress,noun,B1,cefr_j
progress,verb,B2,cefr_j
progressive,adjective,A2,cefr_j
prohibit,verb,B2,cefr_j
prohibition,noun,B1,cefr_j
projection,noun,B2,cefr_j
prominence,noun,B2,cefr_j
prominent,adjective,B1,cefr_j
promise,noun,A2,cefr_j
promise,verb,B1,cefr_j
promote,verb,B1,cefr_j
promotion,noun,B1,cefr_j
prompt,adjective,B2,cefr_j
prompt,noun,B2,cefr_j
prompt,verb,B2,cefr_j
promptly,adverb,B2,cefr_j
pronounce,verb,A2,cefr_j
proof,noun,B1,cefr_j
properly,adverb,B1,cefr_j
property,noun,B1,cefr_j
proponent,noun,B2,cefr_j
proposal,noun,B1,cefr_j
propose,verb,B1,cefr_j
proposed,adjective,B2,cefr_j
prose,noun,B2,cefr_j
prosecute,verb,B2,cefr_j
prospect,noun,B2,cefr_j
prosper,verb,B2,cefr_j
prosperity,noun,B1,cefr_j
prosperous,adjective,B1,cefr_j
protect,verb,B1,cefr_j
protection,noun,B1,cefr_j
protective,adjective,B1,cefr_j
protest,noun,B1,cefr_j
protest,verb,B2,cefr_j
proud,adjective,B1,cefr_j
proudly,adverb,B2,cefr_j
provide,verb,A2,cefr_j
provided,conjunction,B1,cefr_j
provision,noun,B2,cefr_j
proximity,noun,B2,cefr_j
psychological,adjective,B1,cefr_j
psychologically,adverb,B2,cefr_j
psychologist,noun,A2,cefr_j
psychology,noun,B2,cefr_j
public transport,noun,B1,cefr_j
publication,noun,B2,cefr_j
publicity,noun,B2,cefr_j
publicize/publicise,verb,B2,cefr_j
publicly,adverb,B1,cefr_j
publisher,noun,B1,cefr_j
pullover,noun,B1,cefr_j
pump,noun,B1,cefr_j
punctual,adjective,B2,cefr_j
punctuality,noun,B2,cefr_j
punctuation,noun,A2,cefr_j
pupil,noun,B1,cefr_j
purchase,noun,B2,cefr_j
purchase,verb,B2,cefr_j
purify,verb,B1,cefr_j
purpose,noun,A2,cefr_j
purposeful,adjective,B2,cefr_j
purse,noun,B1,cefr_j
pursue,verb,A2,cefr_j
pursuit,noun,B2,cefr_j
puzzle,noun,B1,cefr_j
puzzled,adjective,B2,cefr_j
qualification,noun,B2,cefr_j
qualified,adjective,B1,cefr_j
quality,adjective,B1,cefr_j
quantify,verb,B2,cefr_j
quarrelsome,adjective,B2,cefr_j
query,noun,B2,cefr_j
question,noun,A1,cefr_j
question,verb,B2,cefr_j
questionnaire,noun,B1,cefr_j
queue,noun,B1,cefr_j
queue,verb,B2,cefr_j
quietly,adverb,A2,cefr_j
quite,adverb,A2,cefr_j
quotable,adjective,B2,cefr_j
racial,adjective,B1,cefr_j
racism,noun,B2,cefr_j
racist,noun,B2,cefr_j
rack,noun,B2,cefr_j
racket,noun,A2,cefr_j
radiate,verb,B2,cefr_j
radiation,noun,B1,cefr_j
radical,noun,B2,cefr_j
radically,adverb,B2,cefr_j
rafter,noun,B2,cefr_j
rag,noun,B2,cefr_j
rage,noun,B1,cefr_j
raincoat,noun,A2,cefr_j
rainforest,noun,B1,cefr_j
rainstorm,noun,B2,cefr_j
rainy,adjective,A1,cefr_j
raise,verb,A2,cefr_j
rally,noun,B2,cefr_j
ramp,noun,B2,cefr_j
range,noun,A2,cefr_j
range,verb,B2,cefr_j
ranger,noun,B2,cefr_j
rank,noun,B1,cefr_j
rap,noun,A2,cefr_j
rap,verb,B1,cefr_j
rapidly,adverb,B1,cefr_j
rare,adjective,B1,cefr_j
rarely,adverb,B1,cefr_j
rather,adverb,A2,cefr_j
rating,noun,A2,cefr_j
ration,noun,B1,cefr_j
rattle,noun,B2,cefr_j
ravage,noun,B2,cefr_j
razor,noun,B1,cefr_j
're,be-verb,A1,cefr_j
reach,noun,B1,cefr_j
reach,verb,A2,cefr_j
react,verb,B1,cefr_j
reaction,noun,B2,cefr_j
reader,noun,A1,cefr_j
readily,adverb,B2,cefr_j
ready,adjective,A1,cefr_j
realistic,adjective,B1,cefr_j
realization/realisation,noun,B2,cefr_j
realize/realise,verb,A2,cefr_j
really,adverb,A1,cefr_j
rear,adjective,B2,cefr_j
rearrange,verb,B1,cefr_j
reasonable,adjective,B1,cefr_j
reasonably,adverb,B2,cefr_j
rebel,noun,B2,cefr_j
rebel,verb,B2,cefr_j
rebellious,adjective,B2,cefr_j
recall,verb,B1,cefr_j
receive,verb,A2,cefr_j
recently,adverb,A2,cefr_j
receptionist,noun,A2,cefr_j
recite,verb,B1,cefr_j
reckon,verb,B2,cefr_j
reclaim,verb,B1,cefr_j
recognition,noun,B2,cefr_j
recognize/recognise,verb,B1,cefr_j
recollect,verb,B2,cefr_j
recollection,noun,B2,cefr_j
recommend,verb,B1,cefr_j
recommendable,adjective,B2,cefr_j
recommendation,noun,B2,cefr_j
reconsider,verb,B2,cefr_j
record,noun,B1,cefr_j
record,verb,A2,cefr_j
recover,verb,B1,cefr_j
recovery,noun,B1,cefr_j
recreation,noun,B2,cefr_j
recruit,verb,B2,cefr_j
recycled,adjective,B1,cefr_j
recycling,noun,B1,cefr_j
reduce,verb,B1,cefr_j
reduction,noun,B1,cefr_j
redundant,adjective,B2,cefr_j
reed,noun,B2,cefr_j
reef,noun,B1,cefr_j
refer,verb,A2,cefr_j
referee,noun,B1,cefr_j
referent,adjective,B2,cefr_j
refinery,noun,B2,cefr_j
reflect,verb,A2,cefr_j
reflection,noun,B1,cefr_j
reflective,adjective,B2,cefr_j
reform,noun,B2,cefr_j
refrain,noun,B2,cefr_j
refreshments,noun,B1,cefr_j
refrigerator,noun,A2,cefr_j
refuge,noun,B2,cefr_j
refugee,noun,B2,cefr_j
refund,noun,B1,cefr_j
refusal,noun,B1,cefr_j
refuse,noun,B1,cefr_j
refuse,verb,B1,cefr_j
refute,verb,B2,cefr_j
regain,verb,B1,cefr_j
regard,noun,B2,cefr_j
regard,verb,B1,cefr_j
regarding,preposition,B1,cefr_j
regardless,adverb,B2,cefr_j
reggae,noun,B2,cefr_j
region,noun,B1,cefr_j
regional,adjective,B1,cefr_j
registration,noun,B1,cefr_j
regrettably,adverb,B2,cefr_j
regularly,adverb,A2,cefr_j
regulate,verb,B2,cefr_j
regulation,noun,B1,cefr_j
rehearsal,noun,B2,cefr_j
reinforce,verb,B2,cefr_j
reinforcement,noun,B2,cefr_j
reject,verb,B1,cefr_j
rejection,noun,B2,cefr_j
rejoin,verb,B2,cefr_j
related,adjective,B2,cefr_j
relation,noun,B1,cefr_j
relationship,noun,B1,cefr_j
relative,adjective,B1,cefr_j
relative,noun,B1,cefr_j
relatively,adverb,B1,cefr_j
relativity,noun,B2,cefr_j
relax,verb,A2,cefr_j
relaxation,noun,B2,cefr_j
relaxing,adjective,B1,cefr_j
relay,noun,B2,cefr_j
release,noun,A2,cefr_j
release,verb,B1,cefr_j
relevant,adjective,B2,cefr_j
relic,noun,B2,cefr_j
relief,noun,B2,cefr_j
relieve,verb,B2,cefr_j
relieved,adjective,B2,cefr_j
religious,adjective,B1,cefr_j
rely,verb,B1,cefr_j
remain,verb,A2,cefr_j
remainder,noun,B1,cefr_j
remaining,adjective,B2,cefr_j
remains,noun,B2,cefr_j
remark,noun,B2,cefr_j
remark,verb,B1,cefr_j
remarkable,adjective,B1,cefr_j
remarkably,adverb,B2,cefr_j
remedy,noun,B1,cefr_j
remembrance,noun,B1,cefr_j
remind,verb,A2,cefr_j
reminder,noun,B2,cefr_j
remote control,noun,B1,cefr_j
remove,verb,B1,cefr_j
renew,verb,B1,cefr_j
rental,noun,B2,cefr_j
reorganize/reorganise,verb,B2,cefr_j
repaint,noun,B2,cefr_j
repair,noun,A2,cefr_j
repair,verb,A2,cefr_j
repeat,verb,A1,cefr_j
repeatedly,adverb,B1,cefr_j
repertoire,noun,B2,cefr_j
repetition,noun,B2,cefr_j
replace,verb,A2,cefr_j
replacement,noun,B2,cefr_j
reporter,noun,A1,cefr_j
represent,verb,A2,cefr_j
representative,noun,B1,cefr_j
repress,verb,B2,cefr_j
repression,noun,B2,cefr_j
reprint,noun,B2,cefr_j
reproduce,verb,B1,cefr_j
reprove,verb,B2,cefr_j
require,verb,B1,cefr_j
requirement,noun,B1,cefr_j
resemble,verb,B1,cefr_j
reservation,noun,B1,cefr_j
reserve,noun,B1,cefr_j
reserve,verb,B1,cefr_j
residence,noun,B2,cefr_j
resident,adjective,B1,cefr_j
resident,noun,B2,cefr_j
residential,adjective,B1,cefr_j
resign,verb,B2,cefr_j
resignation,noun,B2,cefr_j
resist,verb,B1,cefr_j
resistance,noun,B2,cefr_j
resolution,noun,B2,cefr_j
resolve,verb,B1,cefr_j
resonant,adjective,B2,cefr_j
resort,noun,B1,cefr_j
resource,noun,B1,cefr_j
respectable,adjective,B1,cefr_j
respectably,adverb,B2,cefr_j
respected,adjective,B2,cefr_j
respiration,noun,B2,cefr_j
respiratory,adjective,B2,cefr_j
respond,verb,B1,cefr_j
response,noun,A2,cefr_j
responsibility,noun,B1,cefr_j
rest,noun,B1,cefr_j
rest,verb,B1,cefr_j
restore,verb,B1,cefr_j
restrict,verb,B1,cefr_j
restriction,noun,B2,cefr_j
result,noun,A1,cefr_j
result,verb,B1,cefr_j
resume,verb,B2,cefr_j
retailer,noun,B2,cefr_j
retain,verb,B1,cefr_j
retard,verb,B2,cefr_j
retell,verb,B1,cefr_j
retina,noun,B2,cefr_j
retire,verb,A2,cefr_j
retired,adjective,A2,cefr_j
retirement,noun,B2,cefr_j
retrieve,verb,B2,cefr_j
retrospect,noun,B1,cefr_j
return,noun,A2,cefr_j
return,verb,A2,cefr_j
reunification,noun,B1,cefr_j
reunify,verb,B1,cefr_j
revenge,noun,B2,cefr_j
reverence,noun,B2,cefr_j
reverse,verb,B2,cefr_j
review,noun,A1,cefr_j
review,verb,B2,cefr_j
revise,verb,B1,cefr_j
revision,noun,B1,cefr_j
revival,noun,B2,cefr_j
revive,verb,B2,cefr_j
revolution,noun,B2,cefr_j
revolutionary,adjective,B2,cefr_j
revolutionize/revolutionise,verb,B2,cefr_j
revolve,verb,B2,cefr_j
reward,noun,B1,cefr_j
reward,verb,B2,cefr_j
rhyme,verb,B2,cefr_j
rhythmic,adjective,B2,cefr_j
rib,noun,B2,cefr_j
rich,adjective,A1,cefr_j
riddle,noun,B2,cefr_j
riddle,verb,B1,cefr_j
rider,noun,B2,cefr_j
ridge,noun,B2,cefr_j
ridiculous,adjective,B1,cefr_j
righteousness,noun,B2,cefr_j
right-hand,adjective,A2,cefr_j
rightly,adverb,B2,cefr_j
ripe,adjective,B1,cefr_j
risky,adjective,B2,cefr_j
ritual,noun,B2,cefr_j
roadside,noun,B1,cefr_j
roam,noun,B2,cefr_j
roast,adjective,B2,cefr_j
roast,verb,A2,cefr_j
robbery,noun,A2,cefr_j
rocket,noun,B2,cefr_j
rocky,adjective,B2,cefr_j
role,noun,A1,cefr_j
roll,noun,A2,cefr_j
roll,verb,B2,cefr_j
rolling,adjective,B1,cefr_j
romance,noun,A2,cefr_j
romantic,adjective,A2,cefr_j
roof,noun,A2,cefr_j
roommate,noun,B2,cefr_j
rosy,adjective,B2,cefr_j
roughly,adverb,A2,cefr_j
roundabout,noun,A2,cefr_j
route,noun,B2,cefr_j
routine,noun,B1,cefr_j
royal,adjective,A2,cefr_j
royalty,noun,B2,cefr_j
rubbish,noun,B1,cefr_j
rubble,noun,B2,cefr_j
rudely,adverb,B1,cefr_j
rug,noun,B2,cefr_j
rugby,noun,A2,cefr_j
ruinous,adjective,B2,cefr_j
rule,noun,A1,cefr_j
rule,verb,B2,cefr_j
ruler,noun,A1,cefr_j
rumor/rumour,noun,A2,cefr_j
runaway,noun,B1,cefr_j
runner,noun,A2,cefr_j
running,noun,A2,cefr_j
runway,noun,B1,cefr_j
rural,adjective,B2,cefr_j
rush,noun,A2,cefr_j
rush,verb,B1,cefr_j
rush hour,noun,B2,cefr_j
rusty,adjective,B2,cefr_j
's,be-verb,A1,cefr_j
sack,verb,B2,cefr_j
sacred,adjective,B1,cefr_j
sad,adjective,A1,cefr_j
sadly,adverb,A2,cefr_j
sadness,noun,B1,cefr_j
safeguard,noun,B1,cefr_j
safeguard,verb,B2,cefr_j
safely,adverb,B1,cefr_j
sag,noun,B2,cefr_j
sage,noun,B2,cefr_j
sailing,noun,A2,cefr_j
sailor,noun,A1,cefr_j
salesman,noun,B1,cefr_j
salesmanship,noun,B2,cefr_j
salesperson,noun,B2,cefr_j
saleswoman,noun,B2,cefr_j
salon,noun,B2,cefr_j
sample,noun,A2,cefr_j
sandal,noun,B1,cefr_j
sandstone,noun,B2,cefr_j
sandy,adjective,A2,cefr_j
sanitary,adjective,B2,cefr_j
sanitation,noun,B2,cefr_j
satellite,noun,B1,cefr_j
satisfaction,noun,B1,cefr_j
satisfactory,adjective,B2,cefr_j
satisfied,adjective,B1,cefr_j
satisfy,verb,A2,cefr_j
saucepan,noun,B1,cefr_j
saucer,noun,B1,cefr_j
saving/savings,noun,B2,cefr_j
scan,noun,B1,cefr_j
scan,verb,B2,cefr_j
scandal,noun,B2,cefr_j
scar,noun,B2,cefr_j
scarcely,adverb,B2,cefr_j
scare,verb,B1,cefr_j
scared,adjective,B1,cefr_j
scarf,noun,A2,cefr_j
scary,adjective,B1,cefr_j
scatter,verb,B1,cefr_j
scene,noun,A2,cefr_j
scenery,noun,A2,cefr_j
scenic,adjective,B1,cefr_j
schedule,noun,A2,cefr_j
schedule,verb,B2,cefr_j
scheduled,adjective,B2,cefr_j
scheme,noun,B2,cefr_j
scholar,noun,B1,cefr_j
scholarship,noun,B1,cefr_j
scholasticism,noun,B2,cefr_j
schoolchild,noun,A2,cefr_j
schoolgirl,noun,B2,cefr_j
schoolmate,noun,B1,cefr_j
schoolteacher,noun,B1,cefr_j
schoolwork,noun,A2,cefr_j
science fiction,noun,B1,cefr_j
scientific,adjective,A2,cefr_j
scientifically,adverb,B2,cefr_j
scientist,noun,A1,cefr_j
scold,verb,B1,cefr_j
scooter,noun,B2,cefr_j
scope,noun,B1,cefr_j
scramble,verb,B2,cefr_j
scratch,noun,B1,cefr_j
scratch,verb,B2,cefr_j
scream,noun,A2,cefr_j
scream,verb,B1,cefr_j
screen,noun,A2,cefr_j
screen,verb,B2,cefr_j
scribble,noun,B2,cefr_j
script,noun,A2,cefr_j
scrooge,noun,B2,cefr_j
scuba,noun,B2,cefr_j
sculpture,noun,B1,cefr_j
scythe,noun,B2,cefr_j
seafood,noun,A2,cefr_j
seal,noun,B2,cefr_j
seaside,noun,A2,cefr_j
seasonal,adjective,B2,cefr_j
seat,noun,A1,cefr_j
seawater,noun,B1,cefr_j
seaweed,noun,B1,cefr_j
second,pronoun,A2,cefr_j
second person,noun,B2,cefr_j
secondary,adjective,B2,cefr_j
secondary school,noun,B1,cefr_j
second-hand,adjective,B1,cefr_j
second-hand,adverb,B1,cefr_j
secondly,adverb,B2,cefr_j
secretly,adverb,B1,cefr_j
section,noun,A1,cefr_j
sector,noun,B2,cefr_j
seesaw,noun,B2,cefr_j
segment,noun,B2,cefr_j
seldom,adverb,B2,cefr_j
select,adjective,B1,cefr_j
select,verb,B2,cefr_j
selection,noun,B1,cefr_j
self-confidence,noun,B2,cefr_j
self-confident,adjective,B2,cefr_j
selfish,adjective,B1,cefr_j
selfless,adjective,B2,cefr_j
self-service,adjective,B1,cefr_j
seller,noun,B2,cefr_j
semi-final,noun,B2,cefr_j
seminar,noun,B2,cefr_j
senator,noun,B2,cefr_j
senior,adjective,A2,cefr_j
senior,noun,A2,cefr_j
sensation,noun,B1,cefr_j
sensible,adjective,B2,cefr_j
sensitive,adjective,B2,cefr_j
separately,adverb,B2,cefr_j
separation,noun,B1,cefr_j
serene,adjective,B2,cefr_j
serial,adjective,B2,cefr_j
serious,adjective,B1,cefr_j
seriously,adverb,A2,cefr_j
serve,verb,A2,cefr_j
server,noun,B1,cefr_j
session,noun,B1,cefr_j
setback,noun,B2,cefr_j
setting,noun,B1,cefr_j
settlement,noun,B1,cefr_j
settler,noun,B1,cefr_j
seven,number,A1,cefr_j
seventeen,number,A1,cefr_j
seventy,number,A1,cefr_j
several,determiner,A2,cefr_j
several,pronoun,A2,cefr_j
severe,adjective,B1,cefr_j
severely,adverb,B1,cefr_j
sexism,noun,B2,cefr_j
sexy,adjective,B2,cefr_j
shabby,adjective,B2,cefr_j
shade,noun,A2,cefr_j
shadowy,adjective,B1,cefr_j
Shakespearean,adjective,B2,cefr_j
shaky,adjective,B2,cefr_j
shall,modal auxiliary,A2,cefr_j
shame,noun,B1,cefr_j
shameful,adjective,B1,cefr_j
shampoo,noun,A2,cefr_j
sharply,adverb,B2,cefr_j
shatter,verb,B2,cefr_j
shave,verb,B1,cefr_j
sheer,adjective,B1,cefr_j
shell,noun,A2,cefr_j
shell,verb,B2,cefr_j
shelter,noun,B1,cefr_j
sheriff,noun,B1,cefr_j
shield,noun,B2,cefr_j
shift,noun,B2,cefr_j
shift,verb,B1,cefr_j
shipping,noun,B2,cefr_j
shipwreck,noun,B2,cefr_j
shiver,verb,B1,cefr_j
shocked,adjective,B1,cefr_j
shocking,adjective,B1,cefr_j
shooting,noun,B2,cefr_j
shop assistant,noun,A2,cefr_j
shopkeeper,noun,B2,cefr_j
shoplift,verb,B2,cefr_j
shoplifter,noun,B2,cefr_j
shoplifting,noun,B2,cefr_j
shopper,noun,B1,cefr_j
shopping,noun,A1,cefr_j
shore,noun,A2,cefr_j
short/shorts,noun,A2,cefr_j
shortly,adverb,B1,cefr_j
shortness,noun,B2,cefr_j
short-term,adjective,B2,cefr_j
should,modal auxiliary,A1,cefr_j
shoulder,noun,A1,cefr_j
shout,noun,A2,cefr_j
shout,verb,B1,cefr_j
showbiz,noun,B2,cefr_j
showcase,noun,B2,cefr_j
shower,noun,A1,cefr_j
shower,verb,B2,cefr_j
shrug,verb,B2,cefr_j
shy,adjective,A1,cefr_j
sickness,noun,B1,cefr_j
sigh,noun,B1,cefr_j
sigh,verb,B2,cefr_j
sight,noun,A1,cefr_j
sightseeing,noun,A2,cefr_j
sign,noun,A1,cefr_j
sign,verb,B1,cefr_j
signature,noun,B1,cefr_j
significance,noun,B1,cefr_j
significant,adjective,A2,cefr_j
significantly,adverb,B2,cefr_j
signify,verb,B2,cefr_j
signpost,noun,B1,cefr_j
silent,adjective,B1,cefr_j
silently,adverb,A2,cefr_j
silk,noun,B1,cefr_j
silverware,noun,B2,cefr_j
similarly,adverb,B1,cefr_j
simplification,noun,B2,cefr_j
simplify,verb,B1,cefr_j
simply,adverb,A2,cefr_j
sincere,adjective,B2,cefr_j
sincerity,noun,B2,cefr_j
singer,noun,A1,cefr_j
singing,noun,A2,cefr_j
single,adjective,A2,cefr_j
single,noun,B1,cefr_j
sink,noun,A2,cefr_j
sink,verb,B1,cefr_j
site,noun,A1,cefr_j
sitting room,noun,A2,cefr_j
situation,noun,A2,cefr_j
six,number,A1,cefr_j
sixteen,number,A1,cefr_j
sixty,number,A1,cefr_j
skate,noun,A2,cefr_j
skate,verb,B1,cefr_j
skateboard,noun,B2,cefr_j
skateboarder,noun,B2,cefr_j
skateboarding,noun,A2,cefr_j
skating,noun,A2,cefr_j
skeleton,noun,B1,cefr_j
ski,noun,A2,cefr_j
ski,verb,B1,cefr_j
skiing,noun,A2,cefr_j
skilled,adjective,B2,cefr_j
skillful/skilful,adjective,B2,cefr_j
skillfully/skilfully,adverb,B2,cefr_j
skim,verb,B2,cefr_j
skip,verb,B2,cefr_j
skyward,adverb,B2,cefr_j
slam,verb,B2,cefr_j
slap,noun,B2,cefr_j
slap,verb,B2,cefr_j
slaughter,noun,B2,cefr_j
sleepless,adjective,A2,cefr_j
slice,noun,A2,cefr_j
slice,verb,B2,cefr_j
slight,adjective,B2,cefr_j
slight,noun,B1,cefr_j
slightly,adverb,B1,cefr_j
sliver,noun,B2,cefr_j
slope,noun,B1,cefr_j
sloppy,adjective,B2,cefr_j
slot,noun,B1,cefr_j
smart,adjective,A1,cefr_j
smash,verb,B2,cefr_j
smoker,noun,B1,cefr_j
smokestack,noun,B2,cefr_j
smoking,noun,A1,cefr_j
smoothly,adverb,A2,cefr_j
snap,verb,B2,cefr_j
sneak,verb,B2,cefr_j
sneer,noun,B2,cefr_j
sniff,verb,B2,cefr_j
snowboard,noun,B1,cefr_j
snowboarding,noun,A2,cefr_j
snowy,adjective,A1,cefr_j
soaked,adjective,B2,cefr_j
soaking,adjective,B2,cefr_j
soap,noun,A2,cefr_j
soar,verb,B2,cefr_j
sob,verb,B2,cefr_j
so-called,adjective,B2,cefr_j
sociable,adjective,B2,cefr_j
social,adjective,A1,cefr_j
social networking,noun,B1,cefr_j
socialize/socialise,verb,B2,cefr_j
socially,adverb,B1,cefr_j
society,noun,A2,cefr_j
sock,noun,A2,cefr_j
soda,noun,A2,cefr_j
soft,adjective,A2,cefr_j
soft drink,noun,A2,cefr_j
softly,adverb,A2,cefr_j
softness,noun,B2,cefr_j
solar,adjective,B2,cefr_j
soldier,noun,A2,cefr_j
solidity,noun,B2,cefr_j
soliloquy,noun,B2,cefr_j
solo,adjective,B2,cefr_j
solo,adverb,B2,cefr_j
solo,noun,B2,cefr_j
solution,noun,A2,cefr_j
solve,verb,A1,cefr_j
solvent,noun,B2,cefr_j
someday,adverb,A2,cefr_j
somehow,adverb,B1,cefr_j
someplace,adverb,B1,cefr_j
sometime,adverb,B1,cefr_j
sometimes,adverb,B1,cefr_j
somewhat,adverb,B2,cefr_j
somewhere,adverb,A2,cefr_j
sonnet,noun,B2,cefr_j
soon,adverb,A1,cefr_j
soothe,verb,B1,cefr_j
sophisticated,adjective,B2,cefr_j
sophomore,noun,B1,cefr_j
sore,adjective,B1,cefr_j
soundtrack,noun,B2,cefr_j
soup,noun,A1,cefr_j
sour,adjective,B1,cefr_j
southward,adverb,B2,cefr_j
Soviet,noun,B2,cefr_j
soybean,noun,B2,cefr_j
spaghetti,noun,A2,cefr_j
span,verb,B2,cefr_j
spare,adjective,B2,cefr_j
spare,verb,B2,cefr_j
sparerib,noun,B2,cefr_j
spark,noun,B2,cefr_j
sparkle,noun,B1,cefr_j
sparkling,adjective,B2,cefr_j
specialist,noun,B1,cefr_j
specialize/specialise,verb,B1,cefr_j
specially,adverb,B1,cefr_j
specialty,noun,B2,cefr_j
specific,adjective,A2,cefr_j
specifically,adverb,B2,cefr_j
specify,verb,B2,cefr_j
spectacle,noun,B2,cefr_j
spectacular,adjective,B1,cefr_j
spectator,noun,B1,cefr_j
speeder,noun,B2,cefr_j
spellbound,adjective,B2,cefr_j
spicy,adjective,B1,cefr_j
spill,verb,A2,cefr_j
spinach,noun,B1,cefr_j
spiral,adjective,B1,cefr_j
spiritual,adjective,B1,cefr_j
spite,noun,B2,cefr_j
splatter,noun,B2,cefr_j
spokesman,noun,B2,cefr_j
spokeswoman,noun,B2,cefr_j
sponge,noun,B1,cefr_j
sponsor,noun,B1,cefr_j
sponsor,verb,B2,cefr_j
spoon,noun,A2,cefr_j
sport,noun,A1,cefr_j
sports,adjective,B1,cefr_j
sports center/sports centre,noun,A2,cefr_j
sportsmanship,noun,B1,cefr_j
spray,noun,B2,cefr_j
spray,verb,B2,cefr_j
spreadsheet,noun,B2,cefr_j
sprint,noun,B2,cefr_j
spur,noun,B2,cefr_j
spy,noun,A1,cefr_j
squad,noun,B2,cefr_j
stability,noun,B2,cefr_j
stable,adjective,B1,cefr_j
stack,noun,B2,cefr_j
stadium,noun,A2,cefr_j
stage,noun,A1,cefr_j
stagger,noun,B2,cefr_j
stain,noun,B2,cefr_j
stain,verb,B2,cefr_j
stair,noun,A2,cefr_j
stake,noun,B2,cefr_j
stall,noun,B1,cefr_j
stammer,verb,B2,cefr_j
stamp,noun,A2,cefr_j
stamp,verb,B2,cefr_j
standby,adjective,B2,cefr_j
stanza,noun,B2,cefr_j
stare,verb,B1,cefr_j
startle,verb,B2,cefr_j
starvation,noun,B2,cefr_j
starve,verb,B2,cefr_j
starving,adjective,B2,cefr_j
statesman,noun,B2,cefr_j
statewide,adverb,B2,cefr_j
station,noun,A1,cefr_j
statue,noun,A2,cefr_j
status,noun,B1,cefr_j
steadily,adverb,B1,cefr_j
steady,adjective,B1,cefr_j
steak,noun,A2,cefr_j
steal,verb,A2,cefr_j
steely,adjective,B2,cefr_j
steep,adjective,B1,cefr_j
steer,verb,B2,cefr_j
steering wheel,noun,B2,cefr_j
step,noun,A2,cefr_j
step,verb,A1,cefr_j
stereotype,noun,B2,cefr_j
stern,adjective,B2,cefr_j
stew,noun,B2,cefr_j
sticker,noun,B1,cefr_j
sticky,adjective,B1,cefr_j
stimulant,noun,B2,cefr_j
stimulation,noun,B2,cefr_j
stingy,adjective,B2,cefr_j
stitch,noun,B2,cefr_j
stock market,noun,B2,cefr_j
stockpile,noun,B2,cefr_j
stomachache,noun,A2,cefr_j
stonework,noun,B2,cefr_j
stool,noun,B2,cefr_j
stopover,noun,B2,cefr_j
stopwatch,noun,B2,cefr_j
storage,noun,B1,cefr_j
store,noun,A1,cefr_j
store,verb,B2,cefr_j
stormy,adjective,B1,cefr_j
story,noun,A1,cefr_j
storyteller,noun,B1,cefr_j
straighten,verb,B2,cefr_j
straightforward,adjective,B2,cefr_j
strain,noun,B1,cefr_j
strain,verb,B2,cefr_j
strait,noun,B2,cefr_j
strand,noun,B2,cefr_j
strangely,adverb,B1,cefr_j
stranger,noun,A2,cefr_j
strangle,verb,B2,cefr_j
strategic,adjective,B1,cefr_j
strategy,noun,A2,cefr_j
straw,noun,B1,cefr_j
stream,noun,B1,cefr_j
stream,verb,B1,cefr_j
strength,noun,A2,cefr_j
strengthen,verb,B1,cefr_j
stress,noun,B1,cefr_j
stress,verb,B2,cefr_j
stressed,adjective,B1,cefr_j
stressful,adjective,B1,cefr_j
stretch,verb,B1,cefr_j
strict,adjective,A1,cefr_j
strictly,adverb,B2,cefr_j
striking,adjective,B2,cefr_j
strip,noun,B1,cefr_j
strip,verb,B2,cefr_j
stripe,noun,B1,cefr_j
strongly,adverb,A2,cefr_j
structure,noun,A2,cefr_j
struggle,noun,B1,cefr_j
struggle,verb,B2,cefr_j
stubborn,adjective,B1,cefr_j
stubbornly,adverb,B2,cefr_j
student,noun,A1,cefr_j
studio,noun,B1,cefr_j
stuffed,adjective,B1,cefr_j
stumble,verb,B1,cefr_j
stun,verb,B1,cefr_j
stunning,adjective,B1,cefr_j
stupid,adjective,B1,cefr_j
style,noun,A2,cefr_j
stylish,adjective,B1,cefr_j
stylist,noun,B2,cefr_j
subconscious,adjective,B1,cefr_j
subcontinent,noun,B2,cefr_j
subculture,noun,B2,cefr_j
subdivision,noun,B2,cefr_j
submarine,noun,B1,cefr_j
submit,verb,B2,cefr_j
subplot,noun,B2,cefr_j
subside,verb,B2,cefr_j
substantial,adjective,B1,cefr_j
subtitle,noun,B2,cefr_j
subtract,verb,B2,cefr_j
suburb,noun,B2,cefr_j
succeed,verb,A2,cefr_j
successful,adjective,A1,cefr_j
successfully,adverb,A2,cefr_j
successive,adjective,B2,cefr_j
such,determiner,A2,cefr_j
such,pronoun,A2,cefr_j
sudden,adjective,A2,cefr_j
suddenly,adverb,B1,cefr_j
sue,verb,B2,cefr_j
suffer,verb,B1,cefr_j
suffering,noun,B2,cefr_j
sufficient,adjective,B1,cefr_j
sufficiently,adverb,B2,cefr_j
suggest,verb,A2,cefr_j
suggestion,noun,A1,cefr_j
suicide,noun,B1,cefr_j
suitable,adjective,A2,cefr_j
suitably,adverb,B2,cefr_j
sulfur/sulphur,noun,B2,cefr_j
summarize/summarise,verb,B1,cefr_j
summary,noun,A2,cefr_j
summit,noun,B1,cefr_j
sunbathe,verb,B1,cefr_j
sunbeam,noun,B2,cefr_j
sunflower,noun,A2,cefr_j
sunglasses,noun,A2,cefr_j
sunlight,noun,A2,cefr_j
sunny,adjective,A1,cefr_j
sunshine,noun,A1,cefr_j
super,adjective,A1,cefr_j
superb,adjective,B2,cefr_j
superintendent,noun,B2,cefr_j
superior,adjective,B1,cefr_j
supermarket,noun,A1,cefr_j
superstar,noun,A2,cefr_j
superstition,noun,B1,cefr_j
supervise,verb,B2,cefr_j
supervision,noun,B2,cefr_j
supervisor,noun,B2,cefr_j
supper,noun,A2,cefr_j
supplement,noun,B2,cefr_j
supplier,noun,B2,cefr_j
supply,noun,B1,cefr_j
supply,verb,B2,cefr_j
support,noun,A2,cefr_j
support,verb,B1,cefr_j
supporter,noun,B1,cefr_j
supportive,adjective,B1,cefr_j
suppose,verb,B1,cefr_j
supposedly,adverb,B1,cefr_j
suppress,verb,B2,cefr_j
sure,adjective,A1,cefr_j
sure,adverb,A2,cefr_j
surely,adverb,B1,cefr_j
surf,noun,A1,cefr_j
surf,verb,A2,cefr_j
surface,noun,B1,cefr_j
surfing,noun,A2,cefr_j
surge,noun,B2,cefr_j
surgeon,noun,B1,cefr_j
surgery,noun,B1,cefr_j
surprise,noun,A1,cefr_j
surprise,verb,B1,cefr_j
surprised,adjective,A2,cefr_j
surprising,adjective,A2,cefr_j
surprisingly,adverb,B1,cefr_j
surrender,verb,B2,cefr_j
surround,verb,B1,cefr_j
surrounding,adjective,B1,cefr_j
surroundings,noun,B2,cefr_j
surveillance,noun,B2,cefr_j
survey,noun,A1,cefr_j
survival,noun,B1,cefr_j
survive,verb,A2,cefr_j
survivor,noun,B1,cefr_j
suspect,noun,B1,cefr_j
suspect,verb,B2,cefr_j
suspend,verb,B2,cefr_j
suspicion,noun,B1,cefr_j
suspicious,adjective,B2,cefr_j
suspiciously,adverb,B2,cefr_j
sustain,verb,B2,cefr_j
swarm,noun,B1,cefr_j
sweater,noun,A2,cefr_j
sweatshirt,noun,B1,cefr_j
sweetheart,noun,A2,cefr_j
swift,adjective,B2,cefr_j
swimmer,noun,B1,cefr_j
swimming costume,noun,A2,cefr_j
swimming pool,noun,A1,cefr_j
swimsuit,noun,A2,cefr_j
symbolic,adjective,B2,cefr_j
sympathetic,adjective,B2,cefr_j
sympathize/sympathise,verb,B2,cefr_j
sympathy,noun,B1,cefr_j
symphony,noun,A2,cefr_j
syndrome,noun,B1,cefr_j
systematic,adjective,B1,cefr_j
table tennis,noun,A2,cefr_j
tablecloth,noun,B2,cefr_j
tablespoon,noun,A2,cefr_j
tablet,noun,B1,cefr_j
tabloid,adjective,B2,cefr_j
tabloid,noun,B2,cefr_j
tackle,verb,B2,cefr_j
tactile,adjective,B2,cefr_j
tag,noun,B2,cefr_j
takeaway,noun,B1,cefr_j
takeoff/take-off,noun,B1,cefr_j
talented,adjective,B1,cefr_j
talkative,adjective,B1,cefr_j
tame,adjective,B2,cefr_j
tanned,adjective,B2,cefr_j
target,noun,A2,cefr_j
task,noun,A2,cefr_j
taste,noun,B1,cefr_j
taste,verb,B1,cefr_j
tasteless,adjective,B1,cefr_j
tasty,adjective,B1,cefr_j
tatter,noun,B2,cefr_j
tattoo,noun,B2,cefr_j
taunt,noun,B2,cefr_j
taxi,noun,A1,cefr_j
teacher,noun,A1,cefr_j
teaching,noun,B1,cefr_j
team,noun,A1,cefr_j
teammate,noun,B1,cefr_j
teamwork,noun,B1,cefr_j
tease,noun,B1,cefr_j
tease,verb,B2,cefr_j
teaspoon,noun,B2,cefr_j
technical,adjective,B2,cefr_j
technically,adverb,B2,cefr_j
technological,adjective,B1,cefr_j
teenage,adjective,A2,cefr_j
teenager,noun,A2,cefr_j
telecommunications,noun,B1,cefr_j
telegram,noun,B1,cefr_j
teller,noun,B1,cefr_j
temper,noun,B1,cefr_j
temperate,adjective,B2,cefr_j
temporary,adjective,B1,cefr_j
tempt,verb,B1,cefr_j
temptation,noun,B2,cefr_j
ten,number,A1,cefr_j
tend,verb,B1,cefr_j
tenderly,adverb,B2,cefr_j
tenderness,noun,B2,cefr_j
tension,noun,B1,cefr_j
tent,noun,B1,cefr_j
term,noun,B1,cefr_j
terrace,noun,B2,cefr_j
terrible,adjective,A1,cefr_j
terribly,adverb,B1,cefr_j
terrific,adjective,B1,cefr_j
terrified,adjective,B1,cefr_j
terrify,verb,A2,cefr_j
terrifying,adjective,B2,cefr_j
territory,noun,B2,cefr_j
terror,noun,B1,cefr_j
terrorism,noun,B1,cefr_j
terrorist,adjective,A2,cefr_j
terrorist,noun,B1,cefr_j
testify,verb,B2,cefr_j
testimony,noun,B2,cefr_j
text,noun,A2,cefr_j
text,verb,A2,cefr_j
text message,noun,A2,cefr_j
textbook,noun,A2,cefr_j
thankful,adjective,B1,cefr_j
the,determiner,A1,cefr_j
theater/theatre,noun,A1,cefr_j
theft,noun,B1,cefr_j
theme,noun,B2,cefr_j
theorist,noun,B2,cefr_j
therapist,noun,B2,cefr_j
therapy,noun,B2,cefr_j
thereafter,adverb,B2,cefr_j
these,determiner,A1,cefr_j
these,pronoun,A1,cefr_j
thickly,adverb,B2,cefr_j
thickness,noun,B2,cefr_j
thigh,noun,B2,cefr_j
thinker,noun,B2,cefr_j
third person,noun,B2,cefr_j
thirdly,adverb,B2,cefr_j
thirst,noun,B2,cefr_j
thirst,verb,B1,cefr_j
thirsty,adjective,A2,cefr_j
thirteen,number,A1,cefr_j
thirty,number,A1,cefr_j
thorough,adjective,B1,cefr_j
thoroughly,adverb,B2,cefr_j
those,determiner,A1,cefr_j
those,pronoun,A1,cefr_j
thoughtful,adjective,B2,cefr_j
thoughtless,adjective,B2,cefr_j
thousand,number,A2,cefr_j
threatening,adjective,B1,cefr_j
three,number,A1,cefr_j
thrill,noun,B2,cefr_j
thrilled,adjective,B2,cefr_j
thriller,noun,B1,cefr_j
thrilling,adjective,B2,cefr_j
throat,noun,B2,cefr_j
through,adverb,B1,cefr_j
through,preposition,A1,cefr_j
throughout,preposition,B1,cefr_j
thump,verb,B1,cefr_j
thunderous,adjective,B1,cefr_j
thunderstorm,noun,A2,cefr_j
thus,adverb,B1,cefr_j
tickle,verb,B2,cefr_j
tidy,adjective,A2,cefr_j
tidy,verb,A2,cefr_j
tight,adjective,A1,cefr_j
tight,adverb,B2,cefr_j
tightly,adverb,B1,cefr_j
tightrope,noun,B2,cefr_j
tights,noun,A2,cefr_j
till,conjunction,B1,cefr_j
till,preposition,A2,cefr_j
timeless,adjective,B2,cefr_j
timeliness,noun,B2,cefr_j
timely,adjective,B1,cefr_j
times,preposition,B2,cefr_j
timetable,noun,A2,cefr_j
timing,noun,B2,cefr_j
tiny,adjective,B1,cefr_j
tip,noun,A2,cefr_j
tip,verb,B2,cefr_j
tiptoe,verb,B2,cefr_j
tiredness,noun,B2,cefr_j
tiresome,adjective,B2,cefr_j
tiring,adjective,B1,cefr_j
title,noun,A2,cefr_j
to,infinitive-to,A1,cefr_j
toast,noun,A2,cefr_j
toenail,noun,B2,cefr_j
toil,verb,B2,cefr_j
tolerant,adjective,B2,cefr_j
tolerate,verb,B2,cefr_j
toll,noun,B2,cefr_j
tomb,noun,B2,cefr_j
tone,noun,A2,cefr_j
toothache,noun,A2,cefr_j
toothbrush,noun,A2,cefr_j
toothpaste,noun,B1,cefr_j
topic,noun,A1,cefr_j
torch,noun,B2,cefr_j
tornado,noun,B1,cefr_j
tortoiseshell,noun,B2,cefr_j
torture,verb,B2,cefr_j
total,adjective,B1,cefr_j
total,noun,B1,cefr_j
totally,adverb,B1,cefr_j
tough,adjective,B2,cefr_j
tour,noun,A2,cefr_j
tour,verb,B1,cefr_j
tour guide,noun,A2,cefr_j
tourism,noun,B1,cefr_j
tourist,noun,A2,cefr_j
toward/towards,preposition,A2,cefr_j
towel,noun,A1,cefr_j
toy,noun,A1,cefr_j
track,noun,A2,cefr_j
track,verb,B2,cefr_j
tracksuit,noun,B1,cefr_j
trader,noun,B2,cefr_j
tradition,noun,A2,cefr_j
traditional,adjective,A2,cefr_j
traditionally,adverb,B1,cefr_j
traffic jam,noun,B1,cefr_j
traffic light,noun,A2,cefr_j
tragedy,noun,B1,cefr_j
tragic,adjective,B1,cefr_j
trainee,noun,B2,cefr_j
trainer,noun,B2,cefr_j
training,noun,A2,cefr_j
traitor,noun,B2,cefr_j
trample,noun,B2,cefr_j
transcript,noun,B2,cefr_j
transfer,noun,B2,cefr_j
transfer,verb,B1,cefr_j
transform,verb,B1,cefr_j
transformation,noun,B1,cefr_j
transfusion,noun,B2,cefr_j
transient,adjective,B2,cefr_j
transistor,noun,B2,cefr_j
transition,noun,B2,cefr_j
transitional,adjective,B1,cefr_j
transmission,noun,B2,cefr_j
transmit,verb,B2,cefr_j
transportation,noun,B1,cefr_j
travel agent,noun,B1,cefr_j
traveler/traveller,noun,A2,cefr_j
traverse,noun,B2,cefr_j
tray,noun,B2,cefr_j
treasure,noun,A2,cefr_j
treat,noun,B1,cefr_j
treat,verb,B2,cefr_j
treatment,noun,B1,cefr_j
trek,noun,B2,cefr_j
tremble,verb,B1,cefr_j
tremendous,adjective,B1,cefr_j
tremendously,adverb,B2,cefr_j
tremor,noun,B2,cefr_j
trend,noun,B1,cefr_j
trick,noun,A2,cefr_j
trick,verb,B2,cefr_j
tricky,adjective,B2,cefr_j
trigger,noun,B1,cefr_j
trim,noun,B1,cefr_j
trip,noun,A1,cefr_j
trip,verb,B2,cefr_j
triumph,noun,B1,cefr_j
trivial,adjective,B2,cefr_j
trolley,noun,B2,cefr_j
troop,noun,B2,cefr_j
trophy,noun,B2,cefr_j
tropic,adjective,B2,cefr_j
tropical,adjective,B1,cefr_j
trouble,noun,A2,cefr_j
trouble,verb,B1,cefr_j
troublesome,adjective,B2,cefr_j
truly,adverb,A2,cefr_j
trusty,adjective,B2,cefr_j
truthful,adjective,B2,cefr_j
truthfulness,noun,B2,cefr_j
try,noun,A1,cefr_j
try,verb,A2,cefr_j
T-shirt/tee-shirt,noun,A1,cefr_j
tub,noun,B2,cefr_j
tug,noun,B2,cefr_j
tumble,verb,B1,cefr_j
tumor/tumour,noun,B2,cefr_j
tune,noun,A2,cefr_j
tunnel,noun,B2,cefr_j
turbulence,noun,B1,cefr_j
turbulent,adjective,B2,cefr_j
turning,noun,B1,cefr_j
tutor,noun,B2,cefr_j
twelve,number,A1,cefr_j
twenty,number,A1,cefr_j
twin,noun,B1,cefr_j
twinkle,noun,B2,cefr_j
twist,noun,B1,cefr_j
twist,verb,B1,cefr_j
twisted,adjective,B2,cefr_j
two,number,A1,cefr_j
typhoid,noun,B2,cefr_j
typical,adjective,B1,cefr_j
typically,adverb,B1,cefr_j
tyranny,noun,B2,cefr_j
tyrant,noun,B2,cefr_j
ugly,adjective,A1,cefr_j
ultimate,adjective,B2,cefr_j
ultimately,adverb,B2,cefr_j
unable,adjective,B1,cefr_j
unacceptable,adjective,B2,cefr_j
unafraid,adjective,B1,cefr_j
unashamedly,adverb,B2,cefr_j
unattractive,adjective,B2,cefr_j
unauthorized/unauthorised,adjective,B2,cefr_j
unavailable,adjective,B2,cefr_j
unaware,adjective,B2,cefr_j
unbearable,adjective,B2,cefr_j
unbeatable,adjective,B2,cefr_j
unbelievable,adjective,B1,cefr_j
uncertain,adjective,A2,cefr_j
uncertainty,noun,B1,cefr_j
unchanged,adjective,B2,cefr_j
uncharacteristic,adjective,B2,cefr_j
unclear,adjective,B1,cefr_j
unclearly,adverb,B2,cefr_j
uncomfortably,adverb,B2,cefr_j
uncommon,adjective,B2,cefr_j
unconcerned,adjective,B2,cefr_j
unconscious,adjective,B2,cefr_j
uncontrollable,adjective,B1,cefr_j
uncover,verb,B1,cefr_j
under,preposition,A1,cefr_j
underage,adjective,B1,cefr_j
underestimate,verb,B2,cefr_j
undergo,verb,B1,cefr_j
undergraduate,noun,B2,cefr_j
underground,adjective,B2,cefr_j
underground,adverb,B2,cefr_j
underneath,adverb,B2,cefr_j
underneath,preposition,B1,cefr_j
undersea,adjective,B2,cefr_j
understandable,adjective,B2,cefr_j
understanding,adjective,B2,cefr_j
understanding,noun,B2,cefr_j
underwear,noun,B2,cefr_j
undoubtedly,adverb,B2,cefr_j
undreamed,adjective,B2,cefr_j
undress,verb,B1,cefr_j
undressed,adjective,B2,cefr_j
unease,noun,B2,cefr_j
uneasily,adverb,B2,cefr_j
uneasy,adjective,A2,cefr_j
unenthusiastic,adjective,B2,cefr_j
uneven,adjective,B2,cefr_j
unexpected,adjective,B1,cefr_j
unexpectedly,adverb,B1,cefr_j
unfair,adjective,A2,cefr_j
unfairly,adverb,B1,cefr_j
unfamiliar,adjective,B2,cefr_j
unfashionable,adjective,B2,cefr_j
unfit,adjective,B1,cefr_j
unfold,verb,B1,cefr_j
unforeseen,adjective,B2,cefr_j
unforgettable,adjective,A2,cefr_j
unfortunate,adjective,B1,cefr_j
unfortunately,adverb,A2,cefr_j
unfriendly,adjective,B1,cefr_j
ungodly,adjective,B2,cefr_j
unhappiness,noun,B2,cefr_j
unhappy,adjective,A2,cefr_j
unhealthy,adjective,A2,cefr_j
unheard,adjective,B1,cefr_j
unhelpful,adjective,B2,cefr_j
uniform,adjective,A2,cefr_j
uniform,noun,A2,cefr_j
unify,verb,B1,cefr_j
unimaginable,adjective,B2,cefr_j
unimaginably,adverb,B2,cefr_j
unimportant,adjective,A2,cefr_j
uninterested,adjective,B1,cefr_j
uninteresting,adjective,B1,cefr_j
unique,adjective,B1,cefr_j
unite,verb,B1,cefr_j
united,adjective,B2,cefr_j
unjustly,adverb,B2,cefr_j
unkind,adjective,B2,cefr_j
unless,conjunction,B1,cefr_j
unlike,adjective,A2,cefr_j
unlike,preposition,B2,cefr_j
unlikely,adjective,B1,cefr_j
unlimited,adjective,B2,cefr_j
unload,verb,B2,cefr_j
unlock,verb,B2,cefr_j
unlucky,adjective,B1,cefr_j
unmistakable,adjective,B2,cefr_j
unmistakably,adverb,B2,cefr_j
unnecessary,adjective,A2,cefr_j
unofficial,adjective,B2,cefr_j
unpack,verb,B1,cefr_j
unpleasant,adjective,A2,cefr_j
unpopular,adjective,B2,cefr_j
unpredictable,adjective,B1,cefr_j
unrealistic,adjective,B2,cefr_j
unreasonable,adjective,B2,cefr_j
unrelated,adjective,B1,cefr_j
unreliable,adjective,B2,cefr_j
unrest,noun,B2,cefr_j
unsafe,adjective,B2,cefr_j
unsatisfactory,adjective,B2,cefr_j
unselfish,adjective,B2,cefr_j
unstoppable,adjective,B2,cefr_j
unsuccessful,adjective,B2,cefr_j
unsuitable,adjective,B2,cefr_j
unsure,adjective,B2,cefr_j
untalented,adjective,B2,cefr_j
unthinkably,adverb,B2,cefr_j
untidy,adjective,B1,cefr_j
untie,verb,B2,cefr_j
until,conjunction,B1,cefr_j
until,preposition,A1,cefr_j
unto,preposition,B2,cefr_j
untreated,adjective,B2,cefr_j
untrimmed,adjective,B2,cefr_j
unusually,adverb,B1,cefr_j
unusualness,noun,B2,cefr_j
unwanted,adjective,B1,cefr_j
unwell,adjective,B1,cefr_j
unwilling,adjective,B2,cefr_j
unworldly,adjective,B2,cefr_j
upbringing,noun,B2,cefr_j
upgrade,noun,B2,cefr_j
upgrade,verb,B2,cefr_j
uplifted,adjective,B1,cefr_j
upload,verb,B1,cefr_j
upon,preposition,A2,cefr_j
upper,adjective,B1,cefr_j
upright,adjective,B2,cefr_j
upright,adverb,B2,cefr_j
upside down,adjective,B2,cefr_j
upside down,adverb,B2,cefr_j
up-to-date,adjective,B1,cefr_j
upward,adjective,B1,cefr_j
urge,noun,B1,cefr_j
urge,verb,B2,cefr_j
urgent,adjective,B1,cefr_j
urgently,adverb,B2,cefr_j
use,noun,A2,cefr_j
use,verb,A1,cefr_j
used,adjective,A2,cefr_j
used to,modal auxiliary,B1,cefr_j
useful,adjective,A2,cefr_j
usher,verb,B2,cefr_j
usual,adjective,A2,cefr_j
usually,adverb,A1,cefr_j
utility,noun,B2,cefr_j
utilize/utilise,verb,B2,cefr_j
utter,verb,B2,cefr_j
utterly,adverb,B2,cefr_j
vacancy,noun,B1,cefr_j
vacant,adjective,B2,cefr_j
vaccine,noun,B2,cefr_j
valentine,noun,B2,cefr_j
valid,adjective,B2,cefr_j
vanity,noun,B2,cefr_j
variation,noun,B2,cefr_j
varied,adjective,B2,cefr_j
variety,noun,B1,cefr_j
various,adjective,B1,cefr_j
vase,noun,A1,cefr_j
vast,adjective,B1,cefr_j
venture,noun,B2,cefr_j
venue,noun,B2,cefr_j
verbally,adverb,B2,cefr_j
verse,noun,B2,cefr_j
verse,verb,B2,cefr_j
version,noun,B2,cefr_j
versus,preposition,B2,cefr_j
vet,noun,B1,cefr_j
veteran,noun,B2,cefr_j
vibrate,verb,B2,cefr_j
vibration,noun,B2,cefr_j
vice,adjective,B1,cefr_j
vice president,noun,B1,cefr_j
victim,noun,B1,cefr_j
victory,noun,B1,cefr_j
video clip,noun,B1,cefr_j
viewer,noun,B2,cefr_j
viewpoint,noun,B1,cefr_j
vigor/vigour,noun,B2,cefr_j
vigorous,adjective,B2,cefr_j
vigorously,adverb,B2,cefr_j
villa,noun,B2,cefr_j
villager,noun,B2,cefr_j
vinegar,noun,B2,cefr_j
violate,verb,B2,cefr_j
violent,adjective,A2,cefr_j
violently,adverb,B1,cefr_j
virtual reality,noun,B2,cefr_j
virtually,adverb,B2,cefr_j
virus,noun,B1,cefr_j
visibly,adverb,B2,cefr_j
visitor,noun,A2,cefr_j
visual,adjective,B1,cefr_j
visually,adverb,B1,cefr_j
vital,adjective,B2,cefr_j
vitamin,noun,B2,cefr_j
vivid,adjective,B1,cefr_j
vividly,adverb,B1,cefr_j
vocabulary,noun,A2,cefr_j
volcano,noun,B1,cefr_j
volleyball,noun,A1,cefr_j
volunteer,noun,B2,cefr_j
volunteer,verb,B1,cefr_j
voter,noun,B2,cefr_j
vow,noun,B2,cefr_j
voyage,noun,B1,cefr_j
wagon,noun,B1,cefr_j
waistcoat,noun,B2,cefr_j
wait,noun,B2,cefr_j
wait,verb,A1,cefr_j
waiter,noun,A1,cefr_j
waitress,noun,A1,cefr_j
walkabout,noun,B2,cefr_j
walker,noun,B2,cefr_j
walking,noun,A2,cefr_j
wallboard,noun,B2,cefr_j
wallet,noun,A2,cefr_j
wander,verb,A2,cefr_j
ward,noun,B1,cefr_j
wardrobe,noun,B1,cefr_j
warmly,adverb,B1,cefr_j
warmth,noun,B1,cefr_j
warn,verb,B1,cefr_j
warning,noun,B1,cefr_j
warranty,noun,B1,cefr_j
warrior,noun,B1,cefr_j
warship,noun,B2,cefr_j
wartime,noun,B2,cefr_j
was,be-verb,A1,cefr_j
washbowl,noun,B1,cefr_j
washing machine,noun,A2,cefr_j
washing-up,noun,A2,cefr_j
wasteful,adjective,B1,cefr_j
water,noun,A1,cefr_j
water,verb,B2,cefr_j
waterfall,noun,B1,cefr_j
waterproof,adjective,B2,cefr_j
wave,noun,A2,cefr_j
wave,verb,B1,cefr_j
weaken,verb,B2,cefr_j
weakly,adverb,B2,cefr_j
weakness,noun,B1,cefr_j
wearisome,adjective,B2,cefr_j
weary,adjective,B2,cefr_j
weather forecast,noun,B1,cefr_j
web,noun,A2,cefr_j
web page,noun,A2,cefr_j
webcam,noun,B1,cefr_j
website,noun,A2,cefr_j
wedding,noun,A2,cefr_j
weed,noun,B2,cefr_j
welfare,noun,B2,cefr_j
well-balanced,adjective,B2,cefr_j
well-built,adjective,B2,cefr_j
well-dressed,adjective,B1,cefr_j
well-known,adjective,A2,cefr_j
well-organized/well-organised,adjective,B2,cefr_j
well-paid,adjective,B2,cefr_j
were,be-verb,A1,cefr_j
western,adjective,B2,cefr_j
westward,adverb,B1,cefr_j
wetland,noun,B1,cefr_j
wheelchair,noun,A2,cefr_j
wherever,conjunction,B1,cefr_j
whichever,determiner,B1,cefr_j
whichever,pronoun,B2,cefr_j
whiskey/whisky,noun,B2,cefr_j
whisper,noun,B1,cefr_j
whisper,verb,B2,cefr_j
whoever,pronoun,B1,cefr_j
widely,adverb,A2,cefr_j
widen,verb,B2,cefr_j
widow,noun,B2,cefr_j
wild,adjective,A2,cefr_j
wilderness,noun,B2,cefr_j
wildly,adverb,B1,cefr_j
will,modal auxiliary,A1,cefr_j
willing,adjective,B2,cefr_j
willingly,adverb,B2,cefr_j
willingness,noun,B1,cefr_j
winding,adjective,B2,cefr_j
windscreen,noun,B1,cefr_j
windshield,noun,B2,cefr_j
windsurfing,noun,B1,cefr_j
windy,adjective,A2,cefr_j
wink,noun,B2,cefr_j
winner,noun,A2,cefr_j
wise,adjective,A2,cefr_j
wish,noun,A1,cefr_j
wish,verb,A2,cefr_j
wither,verb,B1,cefr_j
within,preposition,A2,cefr_j
witness,noun,B2,cefr_j
witness,verb,B1,cefr_j
witty,adjective,B2,cefr_j
wizard,adjective,B1,cefr_j
wonder,noun,B1,cefr_j
wonder,verb,A2,cefr_j
wonderful,adjective,A1,cefr_j
wondrous,adjective,B2,cefr_j
woodcarving,noun,B2,cefr_j
wooden,adjective,A2,cefr_j
wordlessly,adverb,B2,cefr_j
workaholic,adjective,B2,cefr_j
workbench,noun,B2,cefr_j
working,adjective,B1,cefr_j
workman,noun,B2,cefr_j
workplace,noun,B1,cefr_j
worktable,noun,B2,cefr_j
worldview,noun,B2,cefr_j
worldwide,adjective,B2,cefr_j
worldwide,adverb,A2,cefr_j
wornout/worn out/worn-out,adjective,B2,cefr_j
worried,adjective,A2,cefr_j
worry,noun,A1,cefr_j
worry,verb,A2,cefr_j
worrying,adjective,B2,cefr_j
worse,adjective,A2,cefr_j
worse,adverb,A2,cefr_j
worse,noun,B2,cefr_j
worsen,verb,B2,cefr_j
worth,adjective,B1,cefr_j
worthless,adjective,B2,cefr_j
worthy,adjective,B1,cefr_j
would,modal auxiliary,A1,cefr_j
wrap,noun,B1,cefr_j
wrap,verb,B1,cefr_j
wrapping,noun,B1,cefr_j
wreck,noun,B2,cefr_j
wrist,noun,B1,cefr_j
wristwatch,noun,B1,cefr_j
wrongly,adverb,B2,cefr_j
yard,noun,A1,cefr_j
yeah,adverb,A2,cefr_j
yearn,verb,B2,cefr_j
yell,noun,B1,cefr_j
yell,verb,B2,cefr_j
yes,adverb,A1,cefr_j
yield,verb,B2,cefr_j
yoga,noun,B1,cefr_j
yogurt/yoghurt,noun,A1,cefr_j
youth,noun,A2,cefr_j
youthful,adjective,B2,cefr_j
yummy,adjective,B2,cefr_j
zip,noun,B2,cefr_j
zone,noun,A2,cefr_j
cloak,noun,C1,octanove
timid,adjective,C1,octanove
reluctantly,adverb,C1,octanove
complexity,noun,C1,octanove
concur,verb,C1,octanove
marvel,verb,C1,octanove
enviable,adverb,C1,octanove
organizational,adjective,C1,octanove
psychiatric,adjective,C1,octanove
clinical,adjective,C1,octanove
forensic,adjective,C1,octanove
juvenile,noun,C1,octanove
juvenile,adjective,C1,octanove
jurisdiction,noun,C1,octanove
trauma,noun,C1,octanove
traumatic,adjective,C1,octanove
constraint,noun,C1,octanove
revealing,adjective,C1,octanove
eccentric,adjective,C1,octanove
sanctity,noun,C1,octanove
conform,verb,C1,octanove
norms,noun,C1,octanove
oddity,noun,C1,octanove
compulsion,noun,C1,octanove
conceive,verb,C1,octanove
conceivable,adjective,C1,octanove
assertion,noun,C1,octanove
individuality,noun,C1,octanove
psyche,noun,C1,octanove
conformity,noun,C1,octanove
unconventional,adjective,C1,octanove
congregate,verb,C1,octanove
rally,verb,C1,octanove
resent,verb,C1,octanove
self-conscious,adjective,C1,octanove
wary,adjective,C1,octanove
stoke,verb,C1,octanove
dynamically,adverb,C1,octanove
hostess,noun,C1,octanove
perpetuate,verb,C1,octanove
naturalness,noun,C1,octanove
exhibitionist,noun,C1,octanove
isolate,verb,C1,octanove
isolated,adjective,C1,octanove
humble,verb,C1,octanove
humble,adjective,C1,octanove
refreshingly,adverb,C1,octanove
effortless,adjective,C1,octanove
vegetation,noun,C1,octanove
respite,noun,C1,octanove
suffice,verb,C1,octanove
purity,noun,C1,octanove
gruelling,adjective,C1,octanove
comprise,verb,C1,octanove
plaster,noun,C1,octanove
plaster,verb,C1,octanove
darkroom,noun,C1,octanove
induct,verb,C1,octanove
induction,noun,C1,octanove
fossil,noun,C1,octanove
geological,adjective,C1,octanove
geologically,adverb,C1,octanove
specimen,noun,C1,octanove
enormously,adverb,C1,octanove
explanatory,adjective,C1,octanove
knowledgeable,adjective,C1,octanove
ordinarily,adverb,C1,octanove
hanging,noun,C1,octanove
hanging,noun,C1,octanove
tomb,noun,C1,octanove
formulate,verb,C1,octanove
resin,noun,C1,octanove
cleanly,adverb,C1,octanove
endorsement,noun,C1,octanove
stretching,noun,C1,octanove
continuity,noun,C1,octanove
shambles,noun,C1,octanove
claustrophobic,adjective,C1,octanove
claustrophobia,noun,C1,octanove
headstrong,adjective,C1,octanove
tact,noun,C1,octanove
tactful,adjective,C1,octanove
tactfully,adverb,C1,octanove
blister,noun,C1,octanove
blister,verb,C1,octanove
sponsorship,noun,C1,octanove
ego,noun,C1,octanove
lap,noun,C1,octanove
beforehand,adverb,C1,octanove
slob,noun,C1,octanove
coverage,noun,C1,octanove
unplug,verb,C1,octanove
gadget,noun,C1,octanove
rediscover,verb,C1,octanove
subtly,adverb,C1,octanove
brainwash,verb,C1,octanove
brainwashing,noun,C1,octanove
implicate,verb,C1,octanove
malfunction,verb,C1,octanove
wayside,noun,C1,octanove
expire,verb,C1,octanove
puzzle,verb,C1,octanove
damply,adverb,C1,octanove
ghostly,adjective,C1,octanove
washtub,noun,C1,octanove
apt,adjective,C1,octanove
apt to,verb,C1,octanove
portable,adjective,C1,octanove
portable,noun,C1,octanove
ornamental,adjective,C1,octanove
placid,adjective,C1,octanove
placidly,adverb,C1,octanove
unmanageable,adjective,C1,octanove
appliance,noun,C1,octanove
relinquish,verb,C1,octanove
tedious,adjective,C1,octanove
tedium,noun,C1,octanove
exert,verb,C1,octanove
extortion,noun,C1,octanove
alleviate,verb,C1,octanove
elaborate,adjective,C1,octanove
elaborate,verb,C1,octanove
elaboration,noun,C1,octanove
detest,verb,C1,octanove
detestable,adjective,C1,octanove
suds,noun,C1,octanove
prowl,verb,C1,octanove
speculate,verb,C1,octanove
speculation,noun,C1,octanove
speculative,adjective,C1,octanove
reenact,verb,C1,octanove
torment,verb,C1,octanove
torment,noun,C1,octanove
extravagance,noun,C1,octanove
exploit,verb,C1,octanove
exploitation,noun,C1,octanove
mechanism,noun,C1,octanove
implicate,verb,C1,octanove
oblige,verb,C1,octanove
collaborate,verb,C1,octanove
collaborator,noun,C1,octanove
collaboration,noun,C1,octanove
collaborative,adjective,C1,octanove
showy,adjective,C1,octanove
wrangle,verb,C1,octanove
premise,noun,C1,octanove
advantageous,adjective,C1,octanove
parasite,noun,C1,octanove
fanciful,adjective,C1,octanove
poise,noun,C1,octanove
customary,adjective,C1,octanove
insightful,adjective,C1,octanove
notable,adjective,C1,octanove
vicious,adjective,C1,octanove
viciously,adverb,C1,octanove
pupil,noun,C1,octanove
torturous,adjective,C1,octanove
upheaval,noun,C1,octanove
shortlist,verb,C1,octanove
shortlist,noun,C1,octanove
uneventful,adjective,C1,octanove
pertinent,adjective,C1,octanove
pertain to,verb,C1,octanove
daydream,noun,C1,octanove
daydream,verb,C1,octanove
simplicity,noun,C1,octanove
blockbuster,noun,C1,octanove
resonate,verb,C1,octanove
irony,noun,C1,octanove
align,verb,C1,octanove
alignment,noun,C1,octanove
manipulation,noun,C1,octanove
suitor,noun,C1,octanove
deceit,noun,C1,octanove
alienate,verb,C1,octanove
persuasively,adverb,C1,octanove
confinement,noun,C1,octanove
peasant,noun,C1,octanove
inexplicable,adjective,C1,octanove
inexplicably,adverb,C1,octanove
harass,verb,C1,octanove
harassment,noun,C1,octanove
believably,adverb,C1,octanove
cleverness,noun,C1,octanove
persecute,verb,C1,octanove
persecution,noun,C1,octanove
smug,adjective,C1,octanove
smugly,adverb,C1,octanove
ferocious,adjective,C1,octanove
ferociously,adverb,C1,octanove
hostile,adjective,C1,octanove
hostility,noun,C1,octanove
dismay,verb,C1,octanove
dismay,noun,C1,octanove
methodical,adjective,C1,octanove
ruthless,adjective,C1,octanove
ruthlessness,noun,C1,octanove
talkative,adjective,C1,octanove
clan,noun,C1,octanove
privileged,adjective,C1,octanove
crumble,verb,C1,octanove
crumb,noun,C1,octanove
pace,verb,C1,octanove
closeness,noun,C1,octanove
rarity,noun,C1,octanove
evoke,verb,C1,octanove
repel,verb,C1,octanove
repellant,noun,C1,octanove
repellant,adjective,C1,octanove
insightful,adjective,C1,octanove
insightfully,adverb,C1,octanove
flashback,noun,C1,octanove
self-worth,noun,C1,octanove
cite,verb,C1,octanove
citation,noun,C1,octanove
recite,verb,C1,octanove
ecstasy,noun,C1,octanove
ecstatic,adjective,C1,octanove
ecstatically,adverb,C1,octanove
pleasurable,adjective,C1,octanove
substantially,adverb,C1,octanove
favorably/favourably,adverb,C1,octanove
diversity,noun,C1,octanove
elitist,noun,C1,octanove
grumble,verb,C1,octanove
rumble,verb,C1,octanove
rumble,noun,C1,octanove
neglectful,adjective,C1,octanove
roundup,noun,C1,octanove
conscientious,adjective,C1,octanove
conscientiously,adverb,C1,octanove
indefinitely,adverb,C1,octanove
atmospheric,adjective,C1,octanove
fuse,verb,C1,octanove
fusion,noun,C1,octanove
robust,adjective,C1,octanove
robustly,adverb,C1,octanove
dismally,adverb,C1,octanove
crave,verb,C1,octanove
craving,noun,C1,octanove
prospective,adjective,C1,octanove
remotely,adverb,C1,octanove
splatter,verb,C1,octanove
automatic,verb,C1,octanove
automatically,adverb,C1,octanove
bubbly,adjective,C1,octanove
chaotically,adverb,C1,octanove
apprehensive,adjective,C1,octanove
settee,noun,C1,octanove
trampoline,noun,C1,octanove
ploy,noun,C1,octanove
dither,verb,C1,octanove
unison,noun,C1,octanove
bliss,noun,C1,octanove
inexhaustible,adjective,C1,octanove
heifer,noun,C1,octanove
victorious,adjective,C1,octanove
victoriously,adverb,C1,octanove
profound,adjective,C1,octanove
profoundly,adverb,C1,octanove
baldly,adverb,C1,octanove
bearded,adjective,C1,octanove
professionalism,noun,C1,octanove
artistically,adverb,C1,octanove
popularization,noun,C1,octanove
pendulum,noun,C1,octanove
predecessor,noun,C1,octanove
boast,noun,C1,octanove
lapse,noun,C1,octanove
ceaseless,adjective,C1,octanove
ceaselessly,adverb,C1,octanove
climax,noun,C1,octanove
climactic,adjective,C1,octanove
anticlimactic,adjective,C1,octanove
scramble,noun,C1,octanove
forfeit,verb,C1,octanove
twitch,verb,C1,octanove
twitch,noun,C1,octanove
intellect,noun,C1,octanove
descent,noun,C1,octanove
exodus,noun,C1,octanove
immortalize,verb,C1,octanove
physique,noun,C1,octanove
utensil,noun,C1,octanove
clammy,adjective,C1,octanove
dispense,verb,C1,octanove
dispensable,adjective,C1,octanove
dispensary,noun,C1,octanove
indispensable,adjective,C1,octanove
diverge,verb,C1,octanove
divergence,noun,C1,octanove
divergent,adjective,C1,octanove
superficially,adverb,C1,octanove
aesthetically,adverb,C1,octanove
scrutinize/scrutinise,verb,C1,octanove
scrutiny,noun,C1,octanove
quip,noun,C1,octanove
quip,verb,C1,octanove
woo,verb,C1,octanove
plausible,adjective,C1,octanove
plausibility,noun,C1,octanove
plausibly,adverb,C1,octanove
instinctive,adjective,C1,octanove
instinctively,adverb,C1,octanove
stylistic,adjective,C1,octanove
stylistically,adverb,C1,octanove
inheritance,noun,C1,octanove
inherent,adjective,C1,octanove
inherently,adverb,C1,octanove
tune,verb,C1,octanove
spontaneous,adjective,C1,octanove
spontaneously,adverb,C1,octanove
honk,verb,C1,octanove
honk,noun,C1,octanove
innovate,verb,C1,octanove
innovation,noun,C1,octanove
innovative,adjective,C1,octanove
institute,verb,C1,octanove
fatality,noun,C1,octanove
wooded,adjective,C1,octanove
hostile,adjective,C1,octanove
hostility,noun,C1,octanove
flatter,verb,C1,octanove
flattery,noun,C1,octanove
aimlessly,adverb,C1,octanove
meaningless,adjective,C1,octanove
meaninglessly,adverb,C1,octanove
candid,adjective,C1,octanove
candidly,adverb,C1,octanove
vitality,noun,C1,octanove
provoke,verb,C1,octanove
provocative,adjective,C1,octanove
provocatively,adverb,C1,octanove
clench,verb,C1,octanove
haggle,verb,C1,octanove
scorn,noun,C1,octanove
scornful,adjective,C1,octanove
scornfully,adverb,C1,octanove
animatedly,adverb,C1,octanove
obscure,verb,C1,octanove
obscure,adjective,C1,octanove
obscurely,adverb,C1,octanove
elevate,verb,C1,octanove
elevation,noun,C1,octanove
pose,verb,C1,octanove
tedious,adjective,C1,octanove
tediously,adverb,C1,octanove
succession,noun,C1,octanove
formality,noun,C1,octanove
jog,verb,C1,octanove
mountaineer,noun,C1,octanove
pioneer,verb,C1,octanove
pioneer,noun,C1,octanove
transatlantic,adjective,C1,octanove
rudiments,noun,C1,octanove
rudimentary,adjective,C1,octanove
paddle,verb,C1,octanove
immense,adjective,C1,octanove
immensely,adverb,C1,octanove
advisory,adjective,C1,octanove
trying,adjective,C1,octanove
adrenaline,noun,C1,octanove
tinker,verb,C1,octanove
tinker,noun,C1,octanove
expedition,noun,C1,octanove
insecure,adjective,C1,octanove
insecurely,adverb,C1,octanove
reassure,verb,C1,octanove
reassurance,noun,C1,octanove
insensitive,adjective,C1,octanove
insensitively,adverb,C1,octanove
profess,verb,C1,octanove
drawback,noun,C1,octanove
resort,verb,C1,octanove
resort,noun,C1,octanove
overseer,noun,C1,octanove
estimation,noun,C1,octanove
stressfully,adverb,C1,octanove
loom,verb,C1,octanove
notwithstanding,preposition,C1,octanove
structurally,adverb,C1,octanove
structural,adjective,C1,octanove
chauffer,noun,C1,octanove
chauffer,verb,C1,octanove
rapport,noun,C1,octanove
landscape,verb,C1,octanove
consultation,noun,C1,octanove
consultancy,noun,C1,octanove
bloom,verb,C1,octanove
engineer,verb,C1,octanove
retention,noun,C1,octanove
quarry,noun,C1,octanove
specification,noun,C1,octanove
contract,verb,C1,octanove
contract,verb,C1,octanove
contractor,noun,C1,octanove
query,verb,C1,octanove
possessor,noun,C1,octanove
chill,verb,C1,octanove
chill,noun,C1,octanove
chilly,adjective,C1,octanove
frosty,adjective,C1,octanove
frostily,adverb,C1,octanove
unmanned,adjective,C1,octanove
impersonally,adverb,C1,octanove
impersonate,verb,C1,octanove
impersonator,noun,C1,octanove
impersonation,noun,C1,octanove
buzzer,noun,C1,octanove
desertion,noun,C1,octanove
unoccupied,adjective,C1,octanove
stuffy,adjective,C1,octanove
stuffily,adverb,C1,octanove
stuffiness,noun,C1,octanove
gape,verb,C1,octanove
gape,verb,C1,octanove
repute,verb,C1,octanove
toughness,noun,C1,octanove
recall,noun,C1,octanove
recollection,noun,C1,octanove
plumbing,noun,C1,octanove
usher,noun,C1,octanove
glum,adjective,C1,octanove
glumly,adverb,C1,octanove
gamely,adverb,C1,octanove
dissect,verb,C1,octanove
dissection,noun,C1,octanove
commend,verb,C1,octanove
commendation,noun,C1,octanove
thereby,adverb,C1,octanove
flick,verb,C1,octanove
flicker,noun,C1,octanove
unenviable,adjective,C1,octanove
unenviably,adverb,C1,octanove
allegation,noun,C1,octanove
bribery,noun,C1,octanove
inclusion,noun,C1,octanove
inclusive,adjective,C1,octanove
inclusively,adverb,C1,octanove
unconvincing,adjective,C1,octanove
unconvincingly,adverb,C1,octanove
recharge,verb,C1,octanove
facilitation,noun,C1,octanove
conditionally,adverb,C1,octanove
tone,verb,C1,octanove
align,verb,C1,octanove
alignment,noun,C1,octanove
supple,adjective,C1,octanove
manicure,noun,C1,octanove
manicure,verb,C1,octanove
pedicure,noun,C1,octanove
facial,adjective,C1,octanove
facial,noun,C1,octanove
bouquet,noun,C1,octanove
refurbish,verb,C1,octanove
refurbishment,noun,C1,octanove
grounds,noun,C1,octanove
grounds,noun,C1,octanove
grounds,noun,C1,octanove
lethargy,noun,C1,octanove
lethargic,adjective,C1,octanove
lethargically,adverb,C1,octanove
stately,adjective,C1,octanove
conserve,verb,C1,octanove
conservatory,noun,C1,octanove
disquieting,adjective,C1,octanove
fiercely,adverb,C1,octanove
exotically,adverb,C1,octanove
flask,noun,C1,octanove
spacious,adjective,C1,octanove
rich,adjective,C1,octanove
conjure,verb,C1,octanove
creamy,adjective,C1,octanove
sauna,noun,C1,octanove
remedial,adjective,C1,octanove
posture,noun,C1,octanove
sedate,verb,C1,octanove
sedately,adverb,C1,octanove
sedate,adjective,C1,octanove
stagger,verb,C1,octanove
staggering,adjective,C1,octanove
dutiful,adjective,C1,octanove
dutifully,adverb,C1,octanove
calorie,noun,C1,octanove
firm,verb,C1,octanove
fabulously,adverb,C1,octanove
premise,noun,C1,octanove
premises,noun,C1,octanove
eclectically,adverb,C1,octanove
revere,verb,C1,octanove
harbor/harbour,verb,C1,octanove
recognizable/recognisable,adjective,C1,octanove
recognizably/recognisably,adverb,C1,octanove
batter,unknown,C1,octanove
unreliably,adverb,C1,octanove
waterfront,noun,C1,octanove
amplification,noun,C1,octanove
battered,adjective,C1,octanove
battered,adjective,C1,octanove
comply,verb,C1,octanove
compliance,noun,C1,octanove
compliant,adjective,C1,octanove
compliantly,adverb,C1,octanove
blankness,noun,C1,octanove
exuberant,adjective,C1,octanove
exuberance,noun,C1,octanove
exuberantly,adverb,C1,octanove
linearly,adverb,C1,octanove
flourish,noun,C1,octanove
flourish,verb,C1,octanove
anchored,adjective,C1,octanove
domination,noun,C1,octanove
dominant,adjective,C1,octanove
dominantly,adverb,C1,octanove
interject,verb,C1,octanove
gush,verb,C1,octanove
gushing,adjective,C1,octanove
gush,noun,C1,octanove
gushingly,adverb,C1,octanove
voracious,adjective,C1,octanove
voraciously,adverb,C1,octanove
prop,verb,C1,octanove
prop,noun,C1,octanove
impish,adjective,C1,octanove
impishly,adverb,C1,octanove
wickedly,adverb,C1,octanove
macabre,adjective,C1,octanove
gusto,noun,C1,octanove
tantamount,adjective,C1,octanove
antics,noun,C1,octanove
lapse,noun,C1,octanove
lapse,verb,C1,octanove
relapse,verb,C1,octanove
relapse,noun,C1,octanove
impede,verb,C1,octanove
impediment,noun,C1,octanove
taut,adjective,C1,octanove
tautly,adverb,C1,octanove
jersey,adjective,C1,octanove
startling,adjective,C1,octanove
startlingly,adverb,C1,octanove
slack,verb,C1,octanove
slack,noun,C1,octanove
slack,adjective,C1,octanove
slackly,adverb,C1,octanove
unwavering,adjective,C1,octanove
unwaveringly,adverb,C1,octanove
removed,adjective,C1,octanove
buffoon,noun,C1,octanove
beguiling,adjective,C1,octanove
beguilingly,adverb,C1,octanove
blithely,adverb,C1,octanove
stray,verb,C1,octanove
stray,adjective,C1,octanove
stray,noun,C1,octanove
mythological,adjective,C1,octanove
mythology,noun,C1,octanove
venerate,verb,C1,octanove
veneration,noun,C1,octanove
ethical,adjective,C1,octanove
ethically,adverb,C1,octanove
heroine,noun,C1,octanove
refreshing,adjective,C1,octanove
refreshingly,adverb,C1,octanove
devotee,noun,C1,octanove
salve,noun,C1,octanove
salvation,noun,C1,octanove
salvage,verb,C1,octanove
staccato,adjective,C1,octanove
staccato,adverb,C1,octanove
verve,noun,C1,octanove
motley,adjective,C1,octanove
preach,verb,C1,octanove
preacher,noun,C1,octanove
behind,preposition,C1,octanove
continuity,noun,C1,octanove
justly,adverb,C1,octanove
wry,adjective,C1,octanove
wryly,adverb,C1,octanove
confide,verb,C1,octanove
sentient,adjective,C1,octanove
sentiment,noun,C1,octanove
sentimental,adjective,C1,octanove
sentimentally,adverb,C1,octanove
untangle,verb,C1,octanove
untangled,adjective,C1,octanove
perceptive,adjective,C1,octanove
perceptively,adverb,C1,octanove
outset,noun,C1,octanove
tycoon,noun,C1,octanove
engross,verb,C1,octanove
engrossing,adjective,C1,octanove
plague,verb,C1,octanove
orphan,verb,C1,octanove
detritus,noun,C1,octanove
detrimental,adjective,C1,octanove
detrimentally,adverb,C1,octanove
domestically,adverb,C1,octanove
domesticate,verb,C1,octanove
domestication,noun,C1,octanove
eccentric,noun,C1,octanove
eccentric,adjective,C1,octanove
eccentrically,adverb,C1,octanove
render,verb,C1,octanove
rendering,noun,C1,octanove
pathos,noun,C1,octanove
personalize/personalise,verb,C1,octanove
personalization/personalisation,noun,C1,octanove
personification,noun,C1,octanove
limitless,adjective,C1,octanove
apprentice,noun,C1,octanove
apprentice,verb,C1,octanove
apprenticeship,noun,C1,octanove
precision,noun,C1,octanove
silhouette,noun,C1,octanove
nondescript,adjective,C1,octanove
negligent,adjective,C1,octanove
negligently,adverb,C1,octanove
principally,adverb,C1,octanove
altruism,noun,C1,octanove
altruistic,adjective,C1,octanove
voluntary,adjective,C1,octanove
voluntarily,adverb,C1,octanove
reap,verb,C1,octanove
paternal,adjective,C1,octanove
maternal,adjective,C1,octanove
maternalistic,adjective,C1,octanove
paternalistic,adjective,C1,octanove
provisions,noun,C1,octanove
injustice,noun,C1,octanove
impoverished,adjective,C1,octanove
unsustainable,adjective,C1,octanove
unsustainably,adverb,C1,octanove
sustainable,adjective,C1,octanove
sustainably,adverb,C1,octanove
bypass,verb,C1,octanove
cynic,noun,C1,octanove
cynical,adjective,C1,octanove
cynically,adverb,C1,octanove
cynicism,noun,C1,octanove
sarcasm,noun,C1,octanove
sarcastic,adjective,C1,octanove
sarcastically,adverb,C1,octanove
misplace,verb,C1,octanove
symptomatic,adjective,C1,octanove
degrade,verb,C1,octanove
degrading,adjective,C1,octanove
degradation,noun,C1,octanove
discourse,noun,C1,octanove
hibernation,noun,C1,octanove
convict,verb,C1,octanove
convict,noun,C1,octanove
conviction,noun,C1,octanove
latent,adjective,C1,octanove
snooze,verb,C1,octanove
classy,adjective,C1,octanove
reminisce,verb,C1,octanove
intuit,verb,C1,octanove
intuition,noun,C1,octanove
intuitively,adverb,C1,octanove
marginal,adjective,C1,octanove
marginally,adverb,C1,octanove
crudely,adverb,C1,octanove
strap,noun,C1,octanove
strap,verb,C1,octanove
strapping,adjective,C1,octanove
scoff,verb,C1,octanove
fiddly,adjective,C1,octanove
fiddler,noun,C1,octanove
fiddle,verb,C1,octanove
fiddle,noun,C1,octanove
unmusical,adjective,C1,octanove
unmusically,adverb,C1,octanove
repertory,noun,C1,octanove
concerto,noun,C1,octanove
fanatic,noun,C1,octanove
fanatic,adjective,C1,octanove
fanatically,adverb,C1,octanove
compromised,adjective,C1,octanove
daunt,verb,C1,octanove
daunting,adjective,C1,octanove
realist,noun,C1,octanove
realism,noun,C1,octanove
recess,noun,C1,octanove
recess,noun,C1,octanove
recessive,adjective,C1,octanove
prolific,adjective,C1,octanove
prolifically,adverb,C1,octanove
proliferate,verb,C1,octanove
fragmentation,noun,C1,octanove
durable,adjective,C1,octanove
durable,noun,C1,octanove
likelihood,noun,C1,octanove
naive,adjective,C1,octanove
naively,adverb,C1,octanove
naivety,noun,C1,octanove
impervious,adjective,C1,octanove
ludicrous,adjective,C1,octanove
ludicrously,adverb,C1,octanove
cost-effective,adjective,C1,octanove
gruesome,adjective,C1,octanove
gruesomely,adverb,C1,octanove
envisage,verb,C1,octanove
screenwriter,noun,C1,octanove
mingle,verb,C1,octanove
buffer,verb,C1,octanove
buffer,noun,C1,octanove
irate,adjective,C1,octanove
irately,adverb,C1,octanove
docile,adjective,C1,octanove
docilely,adverb,C1,octanove
fiend,noun,C1,octanove
fiendish,adjective,C1,octanove
fiendishly,adverb,C1,octanove
transfix,verb,C1,octanove
gypsy,noun,C1,octanove
temperament,noun,C1,octanove
temperamental,adjective,C1,octanove
temperamentally,adverb,C1,octanove
screenplay,noun,C1,octanove
disillusionment,noun,C1,octanove
demise,noun,C1,octanove
raunchy,adjective,C1,octanove
raunchily,adverb,C1,octanove
overdraft,verb,C1,octanove
overdraft,noun,C1,octanove
renown,noun,C1,octanove
contest,verb,C1,octanove
contested,adjective,C1,octanove
verandah,noun,C1,octanove
occupational,adjective,C1,octanove
verdict,noun,C1,octanove
ventilate,verb,C1,octanove
ventilation,noun,C1,octanove
occupant,noun,C1,octanove
radiator,noun,C1,octanove
homely,adjective,C1,octanove
bureaucratic,adjective,C1,octanove
bureaucratically,adverb,C1,octanove
adjustable,adjective,C1,octanove
fatigue,noun,C1,octanove
muscular,adjective,C1,octanove
versatile,adjective,C1,octanove
versatility,noun,C1,octanove
stimuli,noun,C1,octanove
uninspiring,adjective,C1,octanove
mutually,adverb,C1,octanove
somber/sombre,adjective,C1,octanove
somberly/sombrely,adverb,C1,octanove
clutter,noun,C1,octanove
clutter,verb,C1,octanove
lodge,verb,C1,octanove
dislodge,verb,C1,octanove
carpenter,noun,C1,octanove
carpentry,noun,C1,octanove
transit,noun,C1,octanove
plummet,verb,C1,octanove
circulate,verb,C1,octanove
circulation,noun,C1,octanove
demography,noun,C1,octanove
demographic,adjective,C1,octanove
demographic,noun,C1,octanove
demographically,adverb,C1,octanove
phenomenal,adjective,C1,octanove
phenomenally,adverb,C1,octanove
prophet,noun,C1,octanove
prophetic,adjective,C1,octanove
paywall,noun,C1,octanove
firewall,noun,C1,octanove
invoice,noun,C1,octanove
demolition,noun,C1,octanove
socialization,noun,C1,octanove
antiquity,noun,C1,octanove
antiquated,adjective,C1,octanove
restoration,noun,C1,octanove
restorative,adjective,C1,octanove
rotate,verb,C1,octanove
till,noun,C1,octanove
coupled,adjective,C1,octanove
charter,verb,C1,octanove
charter,noun,C1,octanove
terrain,noun,C1,octanove
resilient,adjective,C1,octanove
resilience,noun,C1,octanove
integral,adjective,C1,octanove
magnetic,adjective,C1,octanove
magnetism,noun,C1,octanove
magnetically,adverb,C1,octanove
credible,adjective,C1,octanove
credibly,adverb,C1,octanove
credibility,noun,C1,octanove
credential,noun,C1,octanove
prohibitive,adjective,C1,octanove
prohibitively,adverb,C1,octanove
fissure,noun,C1,octanove
pendulum,noun,C1,octanove
pendulous,adjective,C1,octanove
anthropology,noun,C1,octanove
anthropologist,noun,C1,octanove
squander,verb,C1,octanove
munch,verb,C1,octanove
adjoin,verb,C1,octanove
wizened,adjective,C1,octanove
orchard,noun,C1,octanove
seedling,noun,C1,octanove
folktale,noun,C1,octanove
hypocrisy,noun,C1,octanove
hypocrite,noun,C1,octanove
hypocritical,adjective,C1,octanove
hypocritically,adverb,C1,octanove
midwife,noun,C1,octanove
harvest,verb,C1,octanove
commercially,adverb,C1,octanove
uniformity,noun,C1,octanove
tastebud,noun,C1,octanove
retrace,verb,C1,octanove
chart,verb,C1,octanove
insubordinate,adjective,C1,octanove
insubordination,noun,C1,octanove
insubordinately,adverb,C1,octanove
subordinate,noun,C1,octanove
primitively,adverb,C1,octanove
embark,verb,C1,octanove
expedite,verb,C1,octanove
contextual,adjective,C1,octanove
contextually,adverb,C1,octanove
whilst,conjunction,C1,octanove
maneuver/manoeuvre,verb,C1,octanove
maneuver/manoeuvre,noun,C1,octanove
riveting,adjective,C1,octanove
plunge,verb,C1,octanove
plunge,noun,C1,octanove
debut,noun,C1,octanove
debut,verb,C1,octanove
turmoil,noun,C1,octanove
scathing,adjective,C1,octanove
unscathing,adjective,C1,octanove
undaunted,adjective,C1,octanove
gutsy,adjective,C1,octanove
deprivation,noun,C1,octanove
farce,noun,C1,octanove
portray,verb,C1,octanove
portrayal,noun,C1,octanove
elusive,adjective,C1,octanove
elude,verb,C1,octanove
incisor,noun,C1,octanove
incision,noun,C1,octanove
chisel,verb,C1,octanove
chiselled,adjective,C1,octanove
elongate,verb,C1,octanove
telltale,adjective,C1,octanove
cavity,noun,C1,octanove
rustle,verb,C1,octanove
rustle,noun,C1,octanove
niche,noun,C1,octanove
somersault,noun,C1,octanove
somersault,verb,C1,octanove
exhilarate,verb,C1,octanove
exhilarating,adjective,C1,octanove
exhilaration,noun,C1,octanove
physicality,noun,C1,octanove
unsettling,adjective,C1,octanove
unsettle,verb,C1,octanove
suburban,adjective,C1,octanove
suburbia,noun,C1,octanove
dramatist,noun,C1,octanove
characterization/characterisation,noun,C1,octanove
quirky,noun,C1,octanove
sprawl,noun,C1,octanove
sprawl,verb,C1,octanove
ingenuity,noun,C1,octanove
panorama,noun,C1,octanove
benign,adjective,C1,octanove
benignly,adverb,C1,octanove
explosively,adverb,C1,octanove
bequeath,verb,C1,octanove
legacy,noun,C1,octanove
synthetic,adjective,C1,octanove
synthetically,adverb,C1,octanove
lackluster/lacklustre,adjective,C1,octanove
elastic,noun,C1,octanove
elastic,adjective,C1,octanove
appall/appal,verb,C1,octanove
appalling,adjective,C1,octanove
appallingly,adverb,C1,octanove
pounce,verb,C1,octanove
monotonous,adjective,C1,octanove
monotonously,adverb,C1,octanove
monotony,noun,C1,octanove
turn to,verb,C1,octanove
ingenious,adjective,C1,octanove
plaque,noun,C1,octanove
neutralize/neutralise,verb,C1,octanove
neutralization/neutralisation,noun,C1,octanove
salivate,verb,C1,octanove
cessation,noun,C1,octanove
remorse,noun,C1,octanove
remorseless,adjective,C1,octanove
remorsefully,adverb,C1,octanove
remorselessly,adverb,C1,octanove
inexcusable,adjective,C1,octanove
inexcusably,adverb,C1,octanove
inexhaustible,adjective,C1,octanove
unassisted,adjective,C1,octanove
heighten,verb,C1,octanove
fixture,noun,C1,octanove
bulky,adjective,C1,octanove
bulk up,verb,C1,octanove
digitalize/digitalise,verb,C1,octanove
digitalization/digitalisation,noun,C1,octanove
mark-up,noun,C1,octanove
complementary,adjective,C1,octanove
complimentary,adjective,C1,octanove
staple,noun,C1,octanove
testament,noun,C1,octanove
succulent,noun,C1,octanove
succulent,adjective,C1,octanove
succulently,adverb,C1,octanove
tranquil,adjective,C1,octanove
tranquility,noun,C1,octanove
spartan,adjective,C1,octanove
peninsula,noun,C1,octanove
exude,verb,C2,octanove
envisage,verb,C2,octanove
headmistress,noun,C2,octanove
timidity,noun,C2,octanove
unravel,verb,C2,octanove
concurrence,noun,C2,octanove
unpromising,adjective,C2,octanove
teem,verb,C2,octanove
marvel,noun,C2,octanove
outpatient,noun,C2,octanove
apprentice,verb,C2,octanove
constrained,adjective,C2,octanove
indignant,adjective,C2,octanove
indignantly,adverb,C2,octanove
eccentricity,noun,C2,octanove
locomotive,noun,C2,octanove
locomotion,noun,C2,octanove
individualism,noun,C2,octanove
enthuse,verb,C2,octanove
belligerent,adjective,C2,octanove
belligerence,noun,C2,octanove
stoicism,noun,C2,octanove
deliberate,verb,C2,octanove
recluse,noun,C2,octanove
reclusive,adjective,C2,octanove
metalled,adjective,C2,octanove
oblique,adjective,C2,octanove
facsimile,noun,C2,octanove
shamble,verb,C2,octanove
whir,verb,C2,octanove
blight,noun,C2,octanove
blight,verb,C2,octanove
disdainful,adjective,C2,octanove
zoologist,noun,C2,octanove
encumbrance,noun,C2,octanove
encumber,verb,C2,octanove
hypothesize,verb,C2,octanove
hypothetical,adjective,C2,octanove
parasitic,adjective,C2,octanove
plumage,noun,C2,octanove
utilitarian,adjective,C2,octanove
utilize,verb,C2,octanove
utility,noun,C2,octanove
predilection,noun,C2,octanove
commensurate,adjective,C2,octanove
commensurately,adverb,C2,octanove
vindicate,verb,C2,octanove
vindication,noun,C2,octanove
poise,verb,C2,octanove
minster,verb,C2,octanove
wrack,verb,C2,octanove
predecessor,noun,C2,octanove
callous,adjective,C2,octanove
callously,adverb,C2,octanove
derelict,adjective,C2,octanove
derelict,noun,C2,octanove
ferocity,noun,C2,octanove
utter,adjective,C2,octanove
utter,verb,C2,octanove
evokingly,adverb,C2,octanove
recitation,noun,C2,octanove
equable,adjective,C2,octanove
extant,adjective,C2,octanove
denounce,verb,C2,octanove
denunciation,noun,C2,octanove
requisition,noun,C2,octanove
substantiate,verb,C2,octanove
inscrutable,adjective,C2,octanove
stratosphere,noun,C2,octanove
indulgence,noun,C2,octanove
indulgently,adverb,C2,octanove
laud,verb,C2,octanove
glitz,noun,C2,octanove
glitzy,adjective,C2,octanove
automate,verb,C2,octanove
apprehend,verb,C2,octanove
athleticism,noun,C2,octanove
daunt,verb,C2,octanove
daunting,adjective,C2,octanove
acreage,noun,C2,octanove
imposition,noun,C2,octanove
stipulate,verb,C2,octanove
stipulation,noun,C2,octanove
anticlimactically,adverb,C2,octanove
forfeiture,noun,C2,octanove
blitz,verb,C2,octanove
blitz,noun,C2,octanove
primeval,adjective,C2,octanove
tenacity,noun,C2,octanove
tenacious,adjective,C2,octanove
tenaciously,adverb,C2,octanove
exact,verb,C2,octanove
genomic,adjective,C2,octanove
genomically,adverb,C2,octanove
capacious,adjective,C2,octanove
utilitarian,adjective,C2,octanove
utilization/utilisation,noun,C2,octanove
unequivocal,adjective,C2,octanove
unequivocally,adverb,C2,octanove
spontaneity,noun,C2,octanove
provocation,noun,C2,octanove
portraiture,noun,C2,octanove
tedium,noun,C2,octanove
succeed,verb,C2,octanove
circumnavigate,verb,C2,octanove
circumnavigation,noun,C2,octanove
liaise,verb,C2,octanove
contractual,adjective,C2,octanove
contractually,adverb,C2,octanove
repute,noun,C2,octanove
sheaf,noun,C2,octanove
articulation,noun,C2,octanove
articulate,adjective,C2,octanove
spuriously,adverb,C2,octanove
posture,verb,C2,octanove
calorific,adjective,C2,octanove
fabulate,verb,C2,octanove
fabulation,noun,C2,octanove
octogenarian,noun,C2,octanove
voracity,noun,C2,octanove
brandish,verb,C2,octanove
repose,verb,C2,octanove
repose,noun,C2,octanove
encumber,verb,C2,octanove
encumbrance,noun,C2,octanove
unencumbered,adjective,C2,octanove
buffoonery,noun,C2,octanove
gauche,adjective,C2,octanove
domesticity,noun,C2,octanove
proliferation,noun,C2,octanove
blandishment,noun,C2,octanove
pluck,noun,C2,octanove
anthropological,adjective,C2,octanove
anthropologically,adverb,C2,octanove
carbonize/carbonise,verb,C2,octanove
midwifery,noun,C2,octanove
adornment,noun,C2,octanove
idle,verb,C2,octanove
conjecture,verb,C2,octanove
conjecture,noun,C2,octanove
malleability,noun,C2,octanove
promenade,noun,C2,octanove
testimonial,noun,C2,octanove
distill,verb,C2,octanove
distillation,noun,C2,octanove
informant,noun,C2,octanove
vis-a-vis,preposition,C2,octanove
nostalgia,noun,C2,octanove
nostalgic,adjective,C2,octanove
nostalgically,adverb,C2,octanove
grievance,noun,C2,octanove
deprivation,noun,C2,octanove
residue,noun,C2,octanove
residual,adjective,C2,octanove
physiological,adjective,C2,octanove
physiologically,adverb,C2,octanove
familiarize/familiarise,verb,C2,octanove
methodology,noun,C2,octanove
methodological,adjective,C2,octanove
methodologically,adverb,C2,octanove
proportional,adjective,C2,octanove
proportionally,adverb,C2,octanove
habitation,noun,C2,octanove
inartistic,adjective,C2,octanove
ornate,adjective,C2,octanove
modernism,noun,C2,octanove
presuppose,verb,C2,octanove
presupposition,noun,C2,octanove
centralized/centralised,adjective,C2,octanove
envisage,verb,C2,octanove
contextual,adjective,C2,octanove
contextually,adverb,C2,octanove
transmitter,noun,C2,octanove
regulatory,adjective,C2,octanove
archival,adjective,C2,octanove
diffuse,adjective,C2,octanove
diffuse,verb,C2,octanove
egalitarian,adjective,C2,octanove
egalitarian,noun,C2,octanove
hindsight,noun,C2,octanove
materialize/materialise,verb,C2,octanove
materialization/materialisation,noun,C2,octanove
disperse,verb,C2,octanove
dispersal,noun,C2,octanove
adverse,adjective,C2,octanove
adversely,adverb,C2,octanove
stabilize/stabilise,verb,C2,octanove
pervasive,adjective,C2,octanove
pervasiveness,noun,C2,octanove
autonomous,adjective,C2,octanove
autonomously,adverb,C2,octanove
outmoded,adjective,C2,octanove
phase,noun,C2,octanove
notorious,adjective,C2,octanove
notoriously,adverb,C2,octanove
notoriety,noun,C2,octanove
menial,adjective,C2,octanove
insular,adjective,C2,octanove
antidote,noun,C2,octanove
posture,verb,C2,octanove
postural,adjective,C2,octanove
posturing,noun,C2,octanove
revelatory,adjective,C2,octanove
prostrate,verb,C2,octanove
prostrate,adjective,C2,octanove
haphazard,adjective,C2,octanove
haphazardly,adverb,C2,octanove
deficient,adjective,C2,octanove
deficiently,adverb,C2,octanove
delicatessen,noun,C2,octanove
muscle-bound,adjective,C2,octanove
maneuver/manoeuvre,noun,C2,octanove
maneuver/manoeuvre,verb,C2,octanove
posit,verb,C2,octanove
cocoon,verb,C2,octanove
chrysalis,noun,C2,octanove
ignominiously,adverb,C2,octanove
euphoric,adjective,C2,octanove
euphorically,adverb,C2,octanove
succumb,verb,C2,octanove
treacherous,adjective,C2,octanove
treacherously,adverb,C2,octanove
treachery,noun,C2,octanove
palate,noun,C2,octanove
palatable,adjective,C2,octanove
hermit,noun,C2,octanove
hermetic,adjective,C2,octanove
irrelevancy,noun,C2,octanove
mariner,noun,C2,octanove
rift,noun,C2,octanove
mere,adjective,C2,octanove
helm,noun,C2,octanove
autopilot,noun,C2,octanove
eminence,noun,C2,octanove
eminent,adjective,C2,octanove
preeminent,adjective,C2,octanove
mold/mould,verb,C2,octanove
unsuspected,adjective,C2,octanove
paralyze/paralyse,verb,C2,octanove
paralyzingly/paralysingly,adverb,C2,octanove
glory in,verb,C2,octanove
decentralize/decentralise,verb,C2,octanove
preoccupation,noun,C2,octanove
preoccupy,verb,C2,octanove
prolong,verb,C2,octanove
audit,verb,C2,octanove
audit,noun,C2,octanove
drudgery,noun,C2,octanove
pressurize,verb,C2,octanove
pressurization,noun,C2,octanove
intermediary,noun,C2,octanove
hotelier,noun,C2,octanove
denote,verb,C2,octanove
profitability,noun,C2,octanove
declination,noun,C2,octanove
vocational,adjective,C2,octanove
spatial,adjective,C2,octanove
spatially,adverb,C2,octanove
punctual,adjective,C2,octanove
punctuality,noun,C2,octanove
integration,noun,C2,octanove
extracurricular,adjective,C2,octanove
extracurricular,noun,C2,octanove
encompass,verb,C2,octanove
all-encompassing,adjective,C2,octanove
frolic,verb,C2,octanove
minefield,noun,C2,octanove
side-step,verb,C2,octanove
anarchic,adjective,C2,octanove
crystallize/crystallise,verb,C2,octanove
crystallization/crystallisation,noun,C2,octanove
prescriptive,adjective,C2,octanove
slab,noun,C2,octanove
retrospect,noun,C2,octanove
retrospective,adjective,C2,octanove
retrospection,noun,C2,octanove
wordage,noun,C2,octanove
brevity,noun,C2,octanove
uncanny,adjective,C2,octanove
tactic,noun,C2,octanove
tactical,adjective,C2,octanove
tactically,adverb,C2,octanove
tactile,adjective,C2,octanove
gambit,noun,C2,octanove
babble,verb,C2,octanove
bauble,noun,C2,octanove
correlate,noun,C2,octanove
correlation,noun,C2,octanove
correlate,verb,C2,octanove
painstaking,adjective,C2,octanove
painstakingly,adverb,C2,octanove
contraption,noun,C2,octanove
mesh,verb,C2,octanove
enabler,noun,C2,octanove
fluctuate,verb,C2,octanove
fluctuation,noun,C2,octanove
lyricist,noun,C2,octanove
lyrical,adjective,C2,octanove
lyrically,adverb,C2,octanove
bona fide,adjective,C2,octanove
moribund,adjective,C2,octanove
solicit,verb,C2,octanove
philanthropy,noun,C2,octanove
philanthropist,noun,C2,octanove
philanthropic,adjective,C2,octanove
philanthropically,adverb,C2,octanove
precocious,adjective,C2,octanove
precociously,adverb,C2,octanove
wordsmith,noun,C2,octanove
connote,verb,C2,octanove
herald,verb,C2,octanove
herald,noun,C2,octanove
induce,verb,C2,octanove
inducement,noun,C2,octanove
anthology,noun,C2,octanove
lament,verb,C2,octanove
lamentation,noun,C2,octanove
conduit,noun,C2,octanove
chronological,adjective,C2,octanove
chronologically,adverb,C2,octanove
equilibrium,noun,C2,octanove
proposition,noun,C2,octanove
flagging,adjective,C2,octanove
electrode,noun,C2,octanove
caffeinate,verb,C2,octanove
cosmic,adjective,C2,octanove
interlude,noun,C2,octanove
haven,noun,C2,octanove
beneficiary,noun,C2,octanove
recuperation,noun,C2,octanove
recuperative,adjective,C2,octanove
cultish,adjective,C2,octanove
irrevocably,adverb,C2,octanove
irrevocable,adjective,C2,octanove
slither,verb,C2,octanove
unnerve,verb,C2,octanove
unnerving,adjective,C2,octanove
unnervingly,adverb,C2,octanove
protrude,verb,C2,octanove
protrusion,noun,C2,octanove
procedural,adjective,C2,octanove
procedural,noun,C2,octanove
demystify,verb,C2,octanove
demystification,noun,C2,octanove
proprietorial,adjective,C2,octanove
tantamount,adjective,C2,octanove
floodgates,noun,C2,octanove
imperceptible,adjective,C2,octanove
imperceptibly,adverb,C2,octanove
hapless,adjective,C2,octanove
catastrophic,adjective,C2,octanove
catastrophically,adverb,C2,octanove
wayward,adjective,C2,octanove
blurb,noun,C2,octanove
provincial,adjective,C2,octanove
indolently,adverb,C2,octanove
indolence,noun,C2,octanove
taste-maker,noun,C2,octanove
deviant,noun,C2,octanove
deviant,adjective,C2,octanove
deviantly,adverb,C2,octanove
emolument,noun,C2,octanove
munificence,noun,C2,octanove
posterity,noun,C2,octanove
venomously,adverb,C2,octanove
choreography,noun,C2,octanove
choreographical,adjective,C2,octanove
archetype,noun,C2,octanove
archetypal,adjective,C2,octanove
dissension,noun,C2,octanove
exalted,adjective,C2,octanove
exaltedly,adverb,C2,octanove
adept,adjective,C2,octanove
adept,noun,C2,octanove
inert,adjective,C2,octanove
angst,noun,C2,octanove
angsty,adjective,C2,octanove
drabness,noun,C2,octanove
melodious,adjective,C2,octanove
melodiously,adverb,C2,octanove
meteorology,noun,C2,octanove
meteorological,adjective,C2,octanove
brink,noun,C2,octanove
unsurpassed,adjective,C2,octanove
loiter,verb,C2,octanove
topple,verb,C2,octanove
intrinsic,adjective,C2,octanove
intrinsically,adverb,C2,octanove
merit,noun,C2,octanove
merit,verb,C2,octanove
promotable,adjective,C2,octanove
clinch,verb,C2,octanove
anonymity,noun,C2,octanove
reproach,verb,C2,octanove
dissemination,noun,C2,octanove
dissemble,verb,C2,octanove
mangle,verb,C2,octanove
bereft,adjective,C2,octanove
bereftly,adverb,C2,octanove
soliloquy,noun,C2,octanove
solipsism,noun,C2,octanove
soliloquize,verb,C2,octanove
mutinous,adjective,C2,octanove
mutinously,adverb,C2,octanove
prissy,adjective,C2,octanove
reptilian,adjective,C2,octanove
diminish,verb,C2,octanove
undiminishing,adjective,C2,octanove
contagion,noun,C2,octanove
homestead,noun,C2,octanove
computerize/computerise,verb,C2,octanove
incumbent,noun,C2,octanove
incumbent,adjective,C2,octanove
recumbent,adjective,C2,octanove
nonchalant,adjective,C2,octanove
nonchalantly,adverb,C2,octanove
mesmeric,adjective,C2,octanove
stultify,verb,C2,octanove
stultifyingly,adverb,C2,octanove
wallow,verb,C2,octanove
ponderously,adverb,C2,octanove
lassitude,noun,C2,octanove
vicinity,noun,C2,octanove
wane,verb,C2,octanove
antediluvian,adjective,C2,octanove
ostensible,adjective,C2,octanove
interlocking,adjective,C2,octanove
undemonstrative,adjective,C2,octanove
undemonstratively,adverb,C2,octanove
menace,noun,C2,octanove
menacing,adjective,C2,octanove
menacingly,adverb,C2,octanove
calamity,noun,C2,octanove
calamitous,adjective,C2,octanove
calamitously,adverb,C2,octanove
nigh,adverb,C2,octanove
austere,adjective,C2,octanove
austerely,adverb,C2,octanove
austerity,noun,C2,octanove
idiosyncrasy,noun,C2,octanove
idiosyncratic,adjective,C2,octanove
idiomatic,adjective,C2,octanove
idiomatically,adverb,C2,octanove
kinetic,adjective,C2,octanove
kinetically,adverb,C2,octanove
unmediated,adjective,C2,octanove
mediate,verb,C2,octanove
mediation,noun,C2,octanove
unharried,adjective,C2,octanove
figurative,adjective,C2,octanove
figuratively,adverb,C2,octanove
exorcism,noun,C2,octanove
exorcist,noun,C2,octanove
mundanity,noun,C2,octanove
mediocrity,noun,C2,octanove
dubiously,adverb,C2,octanove
curate,verb,C2,octanove
curator,noun,C2,octanove
antithesis,noun,C2,octanove
antithetical,adjective,C2,octanove
parameter,noun,C2,octanove
detract,verb,C2,octanove
interrogate,verb,C2,octanove
interrogation,noun,C2,octanove
interrogative,adjective,C2,octanove
interrogatively,adverb,C2,octanove
perverse,adjective,C2,octanove
perversity,noun,C2,octanove
attainment,noun,C2,octanove
opaque,adjective,C2,octanove
opacity,noun,C2,octanove
remit,verb,C2,octanove
remittance,noun,C2,octanove
recourse,noun,C2,octanove
pedestal,noun,C2,octanove
pedestrian,adjective,C2,octanove
lurid,adjective,C2,octanove
luridly,adverb,C2,octanove
fallacy,noun,C2,octanove
rife,adjective,C2,octanove
grumble,verb,C2,octanove
mercenary,noun,C2,octanove
polysyllabic,adjective,C2,octanove
syllabic,adjective,C2,octanove
superfluous,adjective,C2,octanove
superfluously,adverb,C2,octanove
snippet,noun,C2,octanove
practitioner,noun,C2,octanove
ephemera,noun,C2,octanove
ephemerality,noun,C2,octanove
summarily,adverb,C2,octanove
skim,verb,C2,octanove
infallibly,adverb,C2,octanove
infallible,adjective,C2,octanove
infallibility,noun,C2,octanove
depravity,noun,C2,octanove
depraved,adjective,C2,octanove
deprecate,verb,C2,octanove
deprecatingly,adverb,C2,octanove
revile,verb,C2,octanove
revulsion,noun,C2,octanove
meager/meagre,adjective,C2,octanove
arcanely,adverb,C2,octanove
porten,noun,C2,octanove
divination,noun,C2,octanove
flit,verb,C2,octanove
hitch,verb,C2,octanove
prone,adjective,C2,octanove
scavenger,noun,C2,octanove
totemic,adjective,C2,octanove
emulation,noun,C2,octanove
avian,adjective,C2,octanove
vestigial,adjective,C2,octanove
vestigially,adverb,C2,octanove
barometer,noun,C2,octanove
lament,verb,C2,octanove
lamentation,noun,C2,octanove
brouhaha,noun,C2,octanove
magnate,noun,C2,octanove
magnanimous,adjective,C2,octanove
magnanimously,adverb,C2,octanove
magnanimity,noun,C2,octanove
whirlwind,noun,C2,octanove
strait,noun,C2,octanove
secularly,adverb,C2,octanove
euphemistic,adjective,C2,octanove
euphemistically,adverb,C2,octanove
condensation,noun,C2,octanove
redundant,adjective,C2,octanove
redundancy,noun,C2,octanove
redundantly,adverb,C2,octanove
colloquium,noun,C2,octanove
colloquially,adverb,C2,octanove
disparage,verb,C2,octanove
disparaging,adjective,C2,octanove
disparagingly,adverb,C2,octanove
disparagement,noun,C2,octanove
huddle,verb,C2,octanove
huddle,noun,C2,octanove
topography,noun,C2,octanove
topographical,adjective,C2,octanove
topographically,adverb,C2,octanove
confabulate,verb,C2,octanove
confabulation,noun,C2,octanove
surrealist,noun,C2,octanove
surrealism,noun,C2,octanove
contrive,verb,C2,octanove
malice,noun,C2,octanove
malicious,adjective,C2,octanove
maliciously,adverb,C2,octanove
cinematography,noun,C2,octanove
cinematographer,noun,C2,octanove
maverick,noun,C2,octanove
diligent,adjective,C2,octanove
diligence,noun,C2,octanove
diligently,adverb,C2,octanove
turret,noun,C2,octanove
impressionistic,adjective,C2,octanove
impressionistically,adverb,C2,octanove
snobbery,noun,C2,octanove
parochial,adjective,C2,octanove
gravitate,verb,C2,octanove
gravitational,adjective,C2,octanove
gravitationally,adverb,C2,octanove
consternation,noun,C2,octanove
haughty,adjective,C2,octanove
haughtily,adverb,C2,octanove
axiom,noun,C2,octanove
axiomatic,adjective,C2,octanove
attrition,noun,C2,octanove
enduringly,adverb,C2,octanove
reissue,verb,C2,octanove
sulphuric,adjective,C2,octanove
phantom,noun,C2,octanove
solitary,adjective,C2,octanove
solitary,noun,C2,octanove
solitariness,noun,C2,octanove
solitude,noun,C2,octanove
adhesion,noun,C2,octanove
proscription,noun,C2,octanove
crony,noun,C2,octanove
dribble,verb,C2,octanove
dribble,verb,C2,octanove
dribble,noun,C2,octanove
ingrate,noun,C2,octanove
prise,verb,C2,octanove
rickety,adjective,C2,octanove
consign,verb,C2,octanove
consignment,noun,C2,octanove
fete,noun,C2,octanove
dole out,verb,C2,octanove
opulent,adjective,C2,octanove
opulence,noun,C2,octanove
opulently,adverb,C2,octanove
plutocrat,noun,C2,octanove
averse,adjective,C2,octanove
edify,verb,C2,octanove
edification,noun,C2,octanove
converse,adjective,C2,octanove
converse,noun,C2,octanove
sterility,noun,C2,octanove
rhetorically,adverb,C2,octanove
flighty,adjective,C2,octanove
flightiness,noun,C2,octanove
brimstone,noun,C2,octanove
impeccable,adjective,C2,octanove
impeccably,adverb,C2,octanove
romp,verb,C2,octanove
romper,noun,C2,octanove
meticulously,adverb,C2,octanove
ingratiate,verb,C2,octanove
ingratiating,adjective,C2,octanove
ingratiatingly,adverb,C2,octanove
shimmer,verb,C2,octanove
hull,noun,C2,octanove
cull,verb,C2,octanove
swivel,verb,C2,octanove
relinquish,verb,C2,octanove
quiver,verb,C2,octanove
quiver,noun,C2,octanove
sandwiched,adjective,C2,octanove
mottled,adjective,C2,octanove
epoxy,noun,C2,octanove
resin,noun,C2,octanove
sedately,adverb,C2,octanove
angular,adjective,C2,octanove
angularity,noun,C2,octanove
conglomerate,noun,C2,octanove
cay,noun,C2,octanove
singe,verb,C2,octanove
cordon,verb,C2,octanove
fabled,adjective,C2,octanove
glint,verb,C2,octanove
glint,noun,C2,octanove
infernal,adjective,C2,octanove
infernally,adverb,C2,octanove
presentational,adjective,C2,octanove
embed,verb,C2,octanove
plume,noun,C2,octanove
happenstance,noun,C2,octanove
venture,noun,C2,octanove
reconcile,verb,C2,octanove
reconciliation,noun,C2,octanove
conciliatory,adjective,C2,octanove
conciliation,noun,C2,octanove
preconception,noun,C2,octanove
baroque,adjective,C2,octanove
virginal,adjective,C2,octanove
spire,noun,C2,octanove
condone,verb,C2,octanove
commodity,noun,C2,octanove
commode,noun,C2,octanove
unobtrusive,adjective,C2,octanove
unobtrusively,adverb,C2,octanove
unobtrusiveness,noun,C2,octanove
compellingly,adverb,C2,octanove
hauntingly,adverb,C2,octanove
brim,verb,C2,octanove
hazard,verb,C2,octanove
authenticity,noun,C2,octanove
scholarly,adjective,C2,octanove
artifact,noun,C2,octanove
preservationist,noun,C2,octanove
besiege,verb,C2,octanove
cloister,noun,C2,octanove
cloistered,adjective,C2,octanove
resuscitate,verb,C2,octanove
resuscitation,noun,C2,octanove
ravish,verb,C2,octanove
fabrication,noun,C2,octanove
patchy,adjective,C2,octanove
patchily,adverb,C2,octanove
resounding,adjective,C2,octanove
resoundingly,adverb,C2,octanove
resound,verb,C2,octanove
ordain,verb,C2,octanove
inchoate,adjective,C2,octanove
inchoately,adverb,C2,octanove
elated,adjective,C2,octanove
elation,noun,C2,octanove
hysteria,noun,C2,octanove
hysterical,adjective,C2,octanove
hysterically,adverb,C2,octanove
jarring,adjective,C2,octanove
suffuse,verb,C2,octanove
totter,verb,C2,octanove
contemptuous,adjective,C2,octanove
contemptuously,adverb,C2,octanove
forlornly,adverb,C2,octanove
rebuke,verb,C2,octanove
rebuke,noun,C2,octanove
emulsify,verb,C2,octanove
emulsification,noun,C2,octanove
emulsifier,noun,C2,octanove
confection,noun,C2,octanove
proximal,adjective,C2,octanove
feign,verb,C2,octanove
paradoxical,adjective,C2,octanove
paradoxically,adverb,C2,octanove
stringent,adjective,C2,octanove
astringent,noun,C2,octanove
stringently,adverb,C2,octanove
standing,noun,C2,octanove
economize/economise,verb,C2,octanove
breadwinner,noun,C2,octanove
cosset,verb,C2,octanove
counsel,noun,C2,octanove
misdemeanor/misdemanour,noun,C2,octanove
aptitude,noun,C2,octanove
torrential,adjective,C2,octanove
banish,verb,C2,octanove
banishment,noun,C2,octanove
knack,noun,C2,octanove
fruition,noun,C2,octanove
tantalize/tantalise,verb,C2,octanove
tantalizingly/tantalisingly,adverb,C2,octanove
maelstrom,noun,C2,octanove
vortex,noun,C2,octanove
depressive,adjective,C2,octanove
shoal,noun,C2,octanove
scroll,noun,C2,octanove
collide,verb,C2,octanove
collider,noun,C2,octanove
edifice,noun,C2,octanove
thicket,noun,C2,octanove
leaven,verb,C2,octanove
leavening,noun,C2,octanove
ethos,noun,C2,octanove
exhibitionist,noun,C2,octanove
burgeoning,adjective,C2,octanove
indiscrete,adjective,C2,octanove
indiscretion,noun,C2,octanove
telescopic,adjective,C2,octanove
telescopically,adverb,C2,octanove
amorphously,adverb,C2,octanove
proliferate,verb,C2,octanove
proliferation,noun,C2,octanove
deterrent,noun,C2,octanove
selectivity,noun,C2,octanove
fractious,adjective,C2,octanove
mystique,noun,C2,octanove
assimilate,verb,C2,octanove
assimilation,noun,C2,octanove
intersperse,verb,C2,octanove
verbatim,adjective,C2,octanove
verbatim,adverb,C2,octanove
verily,adverb,C2,octanove
veritable,adjective,C2,octanove
artifice,noun,C2,octanove
advantageous,adjective,C2,octanove
unfeasible,adjective,C2,octanove
unfeasibly,adverb,C2,octanove
behest,noun,C2,octanove
virtuoso,noun,C2,octanove
virtuosity,noun,C2,octanove
cascade,verb,C2,octanove
cascade,noun,C2,octanove
crippling,adjective,C2,octanove
nascent,adjective,C2,octanove
smattering,noun,C2,octanove
wheeze,verb,C2,octanove
neophyte,noun,C2,octanove
coax,verb,C2,octanove
formidably,adverb,C2,octanove
formidable,adjective,C2,octanove
squint,verb,C2,octanove
flatout,adverb,C2,octanove
bogus,adjective,C2,octanove
derision,noun,C2,octanove
derisive,adjective,C2,octanove
derisively,adverb,C2,octanove
truism,noun,C2,octanove
prurient,adjective,C2,octanove
wither,verb,C2,octanove
prurience,noun,C2,octanove
tetchy,adjective,C2,octanove
dwarf,verb,C2,octanove
dwarfism,noun,C2,octanove
etch,verb,C2,octanove
etching,noun,C2,octanove
rapture,noun,C2,octanove
rapturous,adjective,C2,octanove
rapturously,adverb,C2,octanove
ad-lib,verb,C2,octanove
improvisational,adjective,C2,octanove
acrobatics,noun,C2,octanove
acrobatically,adverb,C2,octanove
acrobatic,adjective,C2,octanove
arduous,adjective,C2,octanove
ardor/ardour,noun,C2,octanove
arduously,adverb,C2,octanove
counterproductive,adjective,C2,octanove
counterproductively,adverb,C2,octanove
proverbial,adjective,C2,octanove
instantaneous,adjective,C2,octanove
instantaneously,adverb,C2,octanove
mull over,verb,C2,octanove
ruminate,verb,C2,octanove
rumination,noun,C2,octanove
ruminant,adjective,C2,octanove
ruminative,adjective,C2,octanove
hover,verb,C2,octanove
armory/armoury,noun,C2,octanove
apostle,noun,C2,octanove
blubber,noun,C2,octanove
blubbery,adjective,C2,octanove
trifle,noun,C2,octanove
trifle,verb,C2,octanove
eke out,verb,C2,octanove
paramount,adjective,C2,octanove
squirm,verb,C2,octanove
squirmy,adjective,C2,octanove
floe,noun,C2,octanove
embody,verb,C2,octanove
embodiment,noun,C2,octanove
wistful,adjective,C2,octanove
wistfully,adverb,C2,octanove
mercantile,adjective,C2,octanove
subsist,verb,C2,octanove
subsistence,noun,C2,octanove
subsidy,noun,C2,octanove
subsidize,verb,C2,octanove
legion,noun,C2,octanove
confrontational,adjective,C2,octanove
confrontationally,adverb,C2,octanove
gout,noun,C2,octanove
hinder,verb,C2,octanove
hindrance,noun,C2,octanove
histrionic,adjective,C2,octanove
histrionically,adverb,C2,octanove
marketability,noun,C2,octanove
promotable,adjective,C2,octanove
tacit,adjective,C2,octanove
tacitly,adverb,C2,octanove
taciturn,adjective,C2,octanove
taciturnity,noun,C2,octanove
surreptitiously,adverb,C2,octanove
allegorical,adjective,C2,octanove
seedy,adjective,C2,octanove
punitive,adjective,C2,octanove
punitively,adverb,C2,octanove
temper,verb,C2,octanove
milieu,noun,C2,octanove
self-aggrandizement/self-aggrandisement,noun,C2,octanove
unadulterated,adjective,C2,octanove
adulterate,verb,C2,octanove
patronize/patronise,verb,C2,octanove
patronizing/patronising,adjective,C2,octanove
patronizingly/patronisingly,adverb,C2,octanove
cogently,adverb,C2,octanove
incongruous,adjective,C2,octanove
incongruously,adverb,C2,octanove
incongruity,noun,C2,octanove
deaden,verb,C2,octanove
attuned,adjective,C2,octanove
ecotourism,noun,C2,octanove
surge,verb,C2,octanove
surge,noun,C2,octanove
farcical,adjective,C2,octanove
incise,verb,C2,octanove
incipient,adjective,C2,octanove
echolocate,verb,C2,octanove
reverb,noun,C2,octanove
reverberation,noun,C2,octanove
reverberate,verb,C2,octanove
ingenuous,adjective,C2,octanove
ingenuously,adverb,C2,octanove
impresario,noun,C2,octanove
elasticity,noun,C2,octanove
salivary,adjective,C2,octanove
hypnotherapy,noun,C2,octanove
wholly,adverb,C2,octanove
remorseful,adjective,C2,octanove
remonstrate,vern,C2,octanove
remonstrance,noun,C2,octanove
unexcused,adjective,C2,octanove
unexceptionally,adverb,C2,octanove
unexceptional,adjective,C2,octanove
inexorable,adjective,C2,octanove
inexorably,adverb,C2,octanove
inexorability,noun,C2,octanove
tranquilize/tranquilise,verb,C2,octanove
